"NH_Index","NH_ID","X","Y","N","A","Ap","Ar","Hs","Ho","FIS","HWE_p","HetEx_p","HomEx_p","NS_ex0.10","NS_ex0.05","NS_ex0.02","NS_ex0.00"
1,"Indiv1",800,24800,29,4,0.8511,3.8976,0.5648,0.581,,0.4084,0.1893,0.2339,13.5,14.9,15.1,17.1
2,"Indiv2",800,23756.52174,27,4.05,0.8617,3.9849,0.5687,0.5704,,0.4011,0.1616,0.2918,12.3,13.8,14.6,16.7
3,"Indiv3",800,22713.04348,26,4.05,0.8617,3.9931,0.5676,0.5673,,0.4,0.1392,0.2948,11.5,12.5,13.4,15.3
4,"Indiv4",800,21669.56522,23,4.05,0.8617,4.0081,0.555,0.5652,,0.5189,0.1484,0.3007,11.8,13.6,15.5,15.5
5,"Indiv5",800,20626.08696,22,4.1,0.8723,4.071,0.5582,0.5682,,0.5275,0.2153,0.3602,23.1,27.5,30.4,30.4
6,"Indiv6",800,19582.6087,13,,,,,,,,,,,,,
7,"Indiv7",800,18539.13043,7,,,,,,,,,,,,,
8,"Indiv8",800,17495.65217,7,,,,,,,,,,,,,
9,"Indiv9",800,16452.17391,7,,,,,,,,,,,,,
10,"Indiv10",800,15408.69565,9,,,,,,,,,,,,,
11,"Indiv11",800,14365.21739,9,,,,,,,,,,,,,
12,"Indiv12",800,13321.73913,9,,,,,,,,,,,,,
13,"Indiv13",800,12278.26087,11,,,,,,,,,,,,,
14,"Indiv14",800,11234.78261,18,,,,,,,,,,,,,
15,"Indiv15",800,10191.30435,24,4.35,0.9255,4.2588,0.6129,0.6,0.0275,0.5111,0.2707,0.4554,21.5,22.4,31.5,31.5
16,"Indiv16",800,9147.826087,24,4.4,0.9362,4.2995,0.6135,0.6063,0.016,0.4989,0.2651,0.4054,17.6,18.8,23.2,23.2
17,"Indiv17",800,8104.347826,19,,,,,,,,,,,,,
18,"Indiv18",800,7060.869565,15,,,,,,,,,,,,,
19,"Indiv19",800,6017.391304,12,,,,,,,,,,,,,
20,"Indiv20",800,4973.913043,9,,,,,,,,,,,,,
21,"Indiv21",800,3930.434783,7,,,,,,,,,,,,,
22,"Indiv22",800,2886.956522,8,,,,,,,,,,,,,
23,"Indiv23",800,1843.478261,9,,,,,,,,,,,,,
24,"Indiv24",800,800,6,,,,,,,,,,,,,
25,"Indiv25",1843.478261,24800,30,4,0.8511,3.8892,0.5655,0.58,,0.3825,0.1155,0.256,14.4,15,15.2,17.2
26,"Indiv26",1843.478261,23756.52174,26,4,0.8511,3.9243,0.568,0.5769,,0.4236,0.163,0.2963,12.3,13.3,14,16
27,"Indiv27",1843.478261,22713.04348,33,4.2,0.8936,4.0738,0.5725,0.5758,,0.4632,0.1393,0.3296,16.3,18.8,21,21.3
28,"Indiv28",1843.478261,21669.56522,28,4.15,0.883,4.0598,0.5669,0.5679,,0.4602,0.1503,0.2933,14.5,14.8,16.6,18.8
29,"Indiv29",1843.478261,20626.08696,26,4.05,0.8617,3.9833,0.5644,0.5692,,0.4652,0.1488,0.3315,11.7,11.8,12.4,14.1
30,"Indiv30",1843.478261,19582.6087,14,,,,,,,,,,,,,
31,"Indiv31",1843.478261,18539.13043,10,,,,,,,,,,,,,
32,"Indiv32",1843.478261,17495.65217,10,,,,,,,,,,,,,
33,"Indiv33",1843.478261,16452.17391,11,,,,,,,,,,,,,
34,"Indiv34",1843.478261,15408.69565,11,,,,,,,,,,,,,
35,"Indiv35",1843.478261,14365.21739,13,,,,,,,,,,,,,
36,"Indiv36",1843.478261,13321.73913,13,,,,,,,,,,,,,
37,"Indiv37",1843.478261,12278.26087,13,,,,,,,,,,,,,
38,"Indiv38",1843.478261,11234.78261,22,4.15,0.883,4.1116,0.6038,0.6091,-0.0065,0.6053,0.2949,0.4788,34.9,30.5,38.3,38.3
39,"Indiv39",1843.478261,10191.30435,30,4.4,0.9362,4.2445,0.6156,0.605,0.0198,0.6006,0.3062,0.433,23.5,27,28.1,33.8
40,"Indiv40",1843.478261,9147.826087,37,4.45,0.9468,4.2798,0.6162,0.5865,0.0552,0.4015,0.2148,0.4676,30.2,27.2,29.4,31.2
41,"Indiv41",1843.478261,8104.347826,33,4.45,0.9468,4.2657,0.6171,0.6076,0.019,0.5166,0.246,0.4276,24.7,25.3,27,31.3
42,"Indiv42",1843.478261,7060.869565,27,4.4,0.9362,4.2837,0.6167,0.6,0.027,0.5643,0.2298,0.3643,23.8,21.3,20.3,23.8
43,"Indiv43",1843.478261,6017.391304,16,,,,,,,,,,,,,
44,"Indiv44",1843.478261,4973.913043,17,,,,,,,,,,,,,
45,"Indiv45",1843.478261,3930.434783,15,,,,,,,,,,,,,
46,"Indiv46",1843.478261,2886.956522,15,,,,,,,,,,,,,
47,"Indiv47",1843.478261,1843.478261,14,,,,,,,,,,,,,
48,"Indiv48",1843.478261,800,11,,,,,,,,,,,,,
49,"Indiv49",2886.956522,24800,33,4.1,0.8723,3.9907,0.5786,0.5879,,0.3455,0.1767,0.232,15.4,15.9,16.2,17.6
50,"Indiv50",2886.956522,23756.52174,34,4.1,0.8723,3.983,0.5795,0.5882,,0.3224,0.1351,0.2515,16.6,16.9,17,18.5
51,"Indiv51",2886.956522,22713.04348,33,4.1,0.8723,3.9907,0.5786,0.5879,,0.3456,0.1764,0.232,15.4,15.9,16.2,17.6
52,"Indiv52",2886.956522,21669.56522,29,4.15,0.883,4.0503,0.572,0.5776,,0.4798,0.133,0.2817,14.7,14.9,18.2,18.8
53,"Indiv53",2886.956522,20626.08696,25,4.05,0.8617,3.9937,0.5635,0.552,,0.4741,0.1219,0.3468,12.5,13.9,16.2,16.2
54,"Indiv54",2886.956522,19582.6087,15,,,,,,,,,,,,,
55,"Indiv55",2886.956522,18539.13043,11,,,,,,,,,,,,,
56,"Indiv56",2886.956522,17495.65217,14,,,,,,,,,,,,,
57,"Indiv57",2886.956522,16452.17391,10,,,,,,,,,,,,,
58,"Indiv58",2886.956522,15408.69565,11,,,,,,,,,,,,,
59,"Indiv59",2886.956522,14365.21739,11,,,,,,,,,,,,,
60,"Indiv60",2886.956522,13321.73913,14,,,,,,,,,,,,,
61,"Indiv61",2886.956522,12278.26087,23,4.45,0.9468,4.3474,0.5968,0.613,-0.0225,0.5178,0.261,0.4155,33.8,33.1,65.2,65.2
62,"Indiv62",2886.956522,11234.78261,38,4.55,0.9681,4.3072,0.6133,0.6,0.0344,0.4214,0.2339,0.4225,41.6,31.6,38.4,43.9
63,"Indiv63",2886.956522,10191.30435,43,4.5,0.9574,4.2762,0.611,0.5837,0.0528,0.3912,0.2178,0.4608,34.6,32.6,35.1,36.8
64,"Indiv64",2886.956522,9147.826087,43,4.5,0.9574,4.2927,0.6151,0.5895,0.0501,0.424,0.2408,0.4787,33.3,29,33.6,35.3
65,"Indiv65",2886.956522,8104.347826,41,4.45,0.9468,4.2564,0.614,0.589,0.0455,0.4537,0.2244,0.4157,28.5,27,29.5,31.1
66,"Indiv66",2886.956522,7060.869565,24,4.3,0.9149,4.2458,0.6102,0.6,0.0071,0.5471,0.2227,0.4748,21.6,23,24,24
67,"Indiv67",2886.956522,6017.391304,17,,,,,,,,,,,,,
68,"Indiv68",2886.956522,4973.913043,19,,,,,,,,,,,,,
69,"Indiv69",2886.956522,3930.434783,16,,,,,,,,,,,,,
70,"Indiv70",2886.956522,2886.956522,14,,,,,,,,,,,,,
71,"Indiv71",2886.956522,1843.478261,15,,,,,,,,,,,,,
72,"Indiv72",2886.956522,800,11,,,,,,,,,,,,,
73,"Indiv73",3930.434783,24800,25,4,0.8511,3.935,0.5616,0.58,,0.4886,0.2217,0.2965,14.3,18.3,20.1,20.1
74,"Indiv74",3930.434783,23756.52174,41,4.15,0.883,3.9945,0.5863,0.5854,,0.3972,0.1411,0.2746,23.6,24.4,24.7,27.8
75,"Indiv75",3930.434783,22713.04348,37,4.1,0.8723,3.9751,0.5835,0.5919,,0.3571,0.1579,0.2165,20.3,21.7,21.3,23
76,"Indiv76",3930.434783,21669.56522,40,4.1,0.8723,3.9665,0.5847,0.5738,,0.4041,0.1378,0.3266,18.4,22.3,21.8,23.5
77,"Indiv77",3930.434783,20626.08696,26,4.05,0.8617,3.961,0.5785,0.5712,,0.4278,0.1328,0.2949,13.1,13.8,14.6,15.6
78,"Indiv78",3930.434783,19582.6087,11,,,,,,,,,,,,,
79,"Indiv79",3930.434783,18539.13043,9,,,,,,,,,,,,,
80,"Indiv80",3930.434783,17495.65217,12,,,,,,,,,,,,,
81,"Indiv81",3930.434783,16452.17391,11,,,,,,,,,,,,,
82,"Indiv82",3930.434783,15408.69565,18,,,,,,,,,,,,,
83,"Indiv83",3930.434783,14365.21739,15,,,,,,,,,,,,,
84,"Indiv84",3930.434783,13321.73913,35,4.45,0.9468,4.2386,0.6102,0.5957,0.0293,0.5425,0.2311,0.3784,62,55.3,92.2,100.6
85,"Indiv85",3930.434783,12278.26087,48,4.6,0.9787,4.2802,0.6152,0.6021,0.0275,0.4602,0.1851,0.338,36.9,41,55,62.7
86,"Indiv86",3930.434783,11234.78261,48,4.55,0.9681,4.3037,0.6198,0.5958,0.0453,0.4467,0.2303,0.3965,39.8,43.1,47.9,53.5
87,"Indiv87",3930.434783,10191.30435,62,4.55,0.9681,4.3039,0.6184,0.6089,0.0214,0.4803,0.2329,0.3683,43.7,44.2,51.5,57.4
88,"Indiv88",3930.434783,9147.826087,62,4.55,0.9681,4.3038,0.6188,0.604,0.0303,0.4752,0.22,0.4141,47,47,54.1,60.8
89,"Indiv89",3930.434783,8104.347826,41,4.45,0.9468,4.266,0.6145,0.5805,0.0629,0.3486,0.1546,0.4712,33.7,29.3,32.8,34.7
90,"Indiv90",3930.434783,7060.869565,30,4.4,0.9362,4.2765,0.6224,0.615,0.0164,0.3981,0.1471,0.3446,23.4,20.8,23.6,25.5
91,"Indiv91",3930.434783,6017.391304,20,3.95,0.8404,3.95,0.5961,0.5975,,0.5534,0.1861,0.4003,36.4,35.5,35.6,35.6
92,"Indiv92",3930.434783,4973.913043,18,,,,,,,,,,,,,
93,"Indiv93",3930.434783,3930.434783,16,,,,,,,,,,,,,
94,"Indiv94",3930.434783,2886.956522,14,,,,,,,,,,,,,
95,"Indiv95",3930.434783,1843.478261,12,,,,,,,,,,,,,
96,"Indiv96",3930.434783,800,10,,,,,,,,,,,,,
97,"Indiv97",4973.913043,24800,27,4.2,0.8936,4.0963,0.5767,0.5704,,0.4693,0.1385,0.3399,17.9,21.4,22.7,27
98,"Indiv98",4973.913043,23756.52174,48,4.3,0.9149,4.0858,0.5957,0.5833,0.0159,0.426,0.1691,0.3095,24.1,26.5,26.7,30.5
99,"Indiv99",4973.913043,22713.04348,60,4.45,0.9468,4.1567,0.6003,0.5917,0.0096,0.3991,0.1293,0.2783,28.2,33.8,35.6,39.1
100,"Indiv100",4973.913043,21669.56522,56,4.45,0.9468,4.1662,0.5997,0.5839,0.0226,0.3506,0.1225,0.274,25.9,33.4,35.6,39
101,"Indiv101",4973.913043,20626.08696,21,4.05,0.8617,4.0355,0.5903,0.5738,,0.4471,0.1063,0.3284,13.4,19.8,20.9,20.9
102,"Indiv102",4973.913043,19582.6087,9,,,,,,,,,,,,,
103,"Indiv103",4973.913043,18539.13043,9,,,,,,,,,,,,,
104,"Indiv104",4973.913043,17495.65217,12,,,,,,,,,,,,,
105,"Indiv105",4973.913043,16452.17391,21,4.2,0.8936,4.1852,0.5919,0.5667,0.0312,0.5492,0.1865,0.4587,25.7,27.3,27.4,27.4
106,"Indiv106",4973.913043,15408.69565,42,4.45,0.9468,4.2757,0.6137,0.5833,0.044,0.5227,0.1702,0.4254,52.3,54.7,66.2,66.2
107,"Indiv107",4973.913043,14365.21739,54,4.5,0.9574,4.2732,0.6215,0.5963,0.0471,0.4915,0.1593,0.3316,88.1,88,92.5,101.1
108,"Indiv108",4973.913043,13321.73913,69,4.55,0.9681,4.2926,0.6262,0.6174,0.0153,0.5106,0.2327,0.3047,103.5,88.1,92.9,102.7
109,"Indiv109",4973.913043,12278.26087,67,4.6,0.9787,4.2899,0.6198,0.6164,0.006,0.5509,0.266,0.2318,88.8,88.5,93.8,110.3
110,"Indiv110",4973.913043,11234.78261,54,4.6,0.9787,4.3101,0.6168,0.5944,0.0421,0.506,0.202,0.4226,47.1,50.3,56.8,65.8
111,"Indiv111",4973.913043,10191.30435,62,4.55,0.9681,4.3029,0.6197,0.6113,0.0199,0.4807,0.2489,0.3612,47.1,48.9,54.1,60
112,"Indiv112",4973.913043,9147.826087,59,4.55,0.9681,4.3086,0.62,0.6085,0.0234,0.4193,0.2042,0.4261,44.9,45.1,52.6,59.3
113,"Indiv113",4973.913043,8104.347826,39,4.45,0.9468,4.2837,0.6193,0.5859,0.0596,0.3884,0.1845,0.425,23.2,25.4,29.8,33.2
114,"Indiv114",4973.913043,7060.869565,44,4.5,0.9574,4.2991,0.6242,0.6148,0.0188,0.2821,0.1522,0.2435,28.5,28.5,30.5,30.9
115,"Indiv115",4973.913043,6017.391304,26,4.25,0.9043,4.1722,0.6155,0.6077,0.0192,0.4035,0.1773,0.3234,22.6,22.2,26,27.2
116,"Indiv116",4973.913043,4973.913043,24,4.1,0.8723,4.046,0.5989,0.6021,-0.0126,0.5447,0.1347,0.4467,21.4,18.7,27.1,27.1
117,"Indiv117",4973.913043,3930.434783,24,4.05,0.8617,3.9929,0.6093,0.6042,4e-04,0.5066,0.1115,0.402,25.8,27.1,44.1,44.1
118,"Indiv118",4973.913043,2886.956522,18,,,,,,,,,,,,,
119,"Indiv119",4973.913043,1843.478261,10,,,,,,,,,,,,,
120,"Indiv120",4973.913043,800,7,,,,,,,,,,,,,
121,"Indiv121",6017.391304,24800,48,4.4,0.9362,4.1888,0.5973,0.6052,-0.0161,0.5492,0.1609,0.3535,40.3,47.2,51.5,58.2
122,"Indiv122",6017.391304,23756.52174,50,4.45,0.9468,4.1871,0.5988,0.592,0.0088,0.4561,0.1429,0.3267,34.5,43.4,46.7,50.4
123,"Indiv123",6017.391304,22713.04348,81,4.6,0.9787,4.2634,0.6106,0.6074,-0.0013,0.3685,0.1373,0.224,45.2,43.5,43.1,46.9
124,"Indiv124",6017.391304,21669.56522,69,4.55,0.9681,4.2526,0.6102,0.6072,-0.0027,0.3897,0.1915,0.1719,44,45.7,44.8,49.6
125,"Indiv125",6017.391304,20626.08696,40,4.4,0.9362,4.2037,0.6031,0.5812,0.0318,0.3792,0.1187,0.3657,32.6,42.3,44.2,45.3
126,"Indiv126",6017.391304,19582.6087,9,,,,,,,,,,,,,
127,"Indiv127",6017.391304,18539.13043,9,,,,,,,,,,,,,
128,"Indiv128",6017.391304,17495.65217,16,,,,,,,,,,,,,
129,"Indiv129",6017.391304,16452.17391,54,4.45,0.9468,4.204,0.6196,0.6065,0.0255,0.4776,0.1945,0.3291,75.3,63.6,77.4,84.3
130,"Indiv130",6017.391304,15408.69565,83,4.55,0.9681,4.2427,0.6215,0.609,0.0181,0.4523,0.1866,0.3623,68,66.7,79.4,92.9
131,"Indiv131",6017.391304,14365.21739,94,4.65,0.9894,4.2765,0.624,0.609,0.024,0.4592,0.2194,0.3108,91.4,84.9,100,118
132,"Indiv132",6017.391304,13321.73913,77,4.6,0.9787,4.2743,0.6236,0.6149,0.0156,0.4911,0.2258,0.3334,82.8,87.1,89.7,111.9
133,"Indiv133",6017.391304,12278.26087,91,4.65,0.9894,4.2876,0.6226,0.6165,0.0088,0.4237,0.2532,0.3234,96.5,91.9,90.5,99.4
134,"Indiv134",6017.391304,11234.78261,80,4.65,0.9894,4.2795,0.6202,0.6094,0.0151,0.4748,0.2162,0.365,111.5,86.5,82.5,94.3
135,"Indiv135",6017.391304,10191.30435,78,4.7,1,4.3166,0.6186,0.607,0.0182,0.4523,0.2217,0.3952,78.6,78.3,74.6,80.9
136,"Indiv136",6017.391304,9147.826087,61,4.6,0.9787,4.2907,0.6212,0.6041,0.039,0.3849,0.1689,0.3738,72.4,70.3,64.6,75.5
137,"Indiv137",6017.391304,8104.347826,53,4.55,0.9681,4.2684,0.6223,0.5972,0.0513,0.3312,0.1681,0.3913,46.4,45.7,47,49
138,"Indiv138",6017.391304,7060.869565,54,4.55,0.9681,4.2689,0.6254,0.6111,0.0287,0.3169,0.1662,0.2406,49.5,41.1,40.6,39.3
139,"Indiv139",6017.391304,6017.391304,40,4.25,0.9043,4.1161,0.6183,0.6125,0.0136,0.3493,0.1659,0.343,44.2,44.7,44.4,44
140,"Indiv140",6017.391304,4973.913043,38,4.15,0.883,4.0433,0.6084,0.5868,0.0382,0.4284,0.1979,0.306,44,50.5,52.5,45.2
141,"Indiv141",6017.391304,3930.434783,34,4.25,0.9043,4.1326,0.6119,0.5971,0.0254,0.4448,0.2098,0.3618,45.3,44.5,50.4,47.5
142,"Indiv142",6017.391304,2886.956522,32,4.2,0.8936,4.0908,0.614,0.6,0.0225,0.481,0.2601,0.3088,31.3,39.8,41,40.9
143,"Indiv143",6017.391304,1843.478261,18,,,,,,,,,,,,,
144,"Indiv144",6017.391304,800,8,,,,,,,,,,,,,
145,"Indiv145",7060.869565,24800,72,4.65,0.9894,4.3195,0.6129,0.6118,-0.004,0.5517,0.2426,0.3032,77,76.9,70.2,77
146,"Indiv146",7060.869565,23756.52174,61,4.55,0.9681,4.3047,0.6095,0.6098,-0.0026,0.5179,0.1914,0.302,56.1,59.6,54.6,60.4
147,"Indiv147",7060.869565,22713.04348,99,4.65,0.9894,4.2997,0.6164,0.6177,-0.0068,0.418,0.2015,0.31,59.8,61.8,60.3,66.2
148,"Indiv148",7060.869565,21669.56522,103,4.65,0.9894,4.3022,0.6168,0.6194,-0.0077,0.397,0.2197,0.2943,72.8,73.5,68.5,74.5
149,"Indiv149",7060.869565,20626.08696,76,4.6,0.9787,4.2997,0.6157,0.6125,5e-04,0.443,0.2012,0.2956,54.5,56.1,54.3,59.2
150,"Indiv150",7060.869565,19582.6087,35,4.4,0.9362,4.2847,0.6123,0.6057,-5e-04,0.4912,0.2445,0.3533,70.1,84,84.5,85.9
151,"Indiv151",7060.869565,18539.13043,43,4.45,0.9468,4.2692,0.629,0.6279,-0.0025,0.502,0.1677,0.2488,167.2,220.3,211.9,205.3
152,"Indiv152",7060.869565,17495.65217,71,4.6,0.9787,4.2586,0.6243,0.6275,-0.0087,0.46,0.2412,0.2794,90.2,92.7,115.4,138.4
153,"Indiv153",7060.869565,16452.17391,82,4.6,0.9787,4.2678,0.6237,0.6146,0.0139,0.4565,0.2394,0.2709,91.4,92.5,108.3,126.8
154,"Indiv154",7060.869565,15408.69565,98,4.6,0.9787,4.2635,0.6208,0.6143,0.0093,0.4562,0.237,0.3166,85.7,97.6,103,116.7
155,"Indiv155",7060.869565,14365.21739,109,4.65,0.9894,4.2827,0.6217,0.6133,0.014,0.4617,0.2188,0.3436,90.8,96.5,105.1,121.9
156,"Indiv156",7060.869565,13321.73913,90,4.6,0.9787,4.2617,0.6225,0.615,0.0123,0.4653,0.2471,0.2939,74.7,74.8,86.6,101.7
157,"Indiv157",7060.869565,12278.26087,98,4.7,1,4.3037,0.6247,0.6265,-0.0041,0.4883,0.2836,0.3597,138,106.1,104.1,114
158,"Indiv158",7060.869565,11234.78261,100,4.7,1,4.3051,0.6238,0.623,0.0029,0.4532,0.1664,0.3505,115,100.8,96,96.5
159,"Indiv159",7060.869565,10191.30435,98,4.7,1,4.3053,0.6263,0.6225,0.0077,0.4657,0.1809,0.3627,100.6,93.2,84.1,88.3
160,"Indiv160",7060.869565,9147.826087,74,4.65,0.9894,4.2876,0.6195,0.6068,0.0267,0.3222,0.1601,0.3264,85.6,82.2,72.4,77.7
161,"Indiv161",7060.869565,8104.347826,74,4.65,0.9894,4.2782,0.6226,0.6135,0.0208,0.3434,0.1831,0.3451,74.8,75.5,62.4,66.6
162,"Indiv162",7060.869565,7060.869565,70,4.5,0.9574,4.2077,0.6228,0.6179,0.0117,0.3763,0.1821,0.3295,79.7,65,67.1,73.8
163,"Indiv163",7060.869565,6017.391304,57,4.35,0.9255,4.1167,0.6186,0.614,0.0058,0.3651,0.2468,0.2735,115.1,75.7,72.6,67.1
164,"Indiv164",7060.869565,4973.913043,43,4.3,0.9149,4.114,0.6155,0.6081,0.0134,0.4095,0.191,0.3025,78.8,63.6,62.7,58.9
165,"Indiv165",7060.869565,3930.434783,38,4.3,0.9149,4.14,0.6107,0.5895,0.0359,0.4069,0.179,0.2902,28.1,30.7,36.8,36.5
166,"Indiv166",7060.869565,2886.956522,40,4.3,0.9149,4.1288,0.6107,0.6038,0.0098,0.4196,0.2082,0.2505,25.7,28.2,31,31.6
167,"Indiv167",7060.869565,1843.478261,24,3.95,0.8404,3.917,0.6005,0.6021,-0.0124,0.5995,0.1963,0.4125,46.7,62.2,61.1,61.1
168,"Indiv168",7060.869565,800,12,,,,,,,,,,,,,
169,"Indiv169",8104.347826,24800,84,4.65,0.9894,4.3357,0.6161,0.6196,-0.0127,0.5033,0.2684,0.2432,103.3,86.6,78.5,81.5
170,"Indiv170",8104.347826,23756.52174,77,4.6,0.9787,4.3285,0.615,0.6188,-0.0136,0.5157,0.2404,0.2498,73.3,65.3,61.3,66
171,"Indiv171",8104.347826,22713.04348,111,4.65,0.9894,4.3032,0.6189,0.6243,-0.012,0.3921,0.2282,0.2988,92.1,84.6,81.4,91.1
172,"Indiv172",8104.347826,21669.56522,116,4.65,0.9894,4.3166,0.6198,0.6241,-0.0098,0.3979,0.2647,0.2289,98.8,91.8,86.9,96.6
173,"Indiv173",8104.347826,20626.08696,110,4.65,0.9894,4.3255,0.6211,0.6223,-0.0046,0.4182,0.2062,0.2536,77.3,77.9,74,83.7
174,"Indiv174",8104.347826,19582.6087,102,4.6,0.9787,4.3036,0.6214,0.6181,0.0015,0.4463,0.2364,0.2112,75.7,75.5,72.1,79.4
175,"Indiv175",8104.347826,18539.13043,107,4.6,0.9787,4.2909,0.6217,0.6243,-0.0088,0.491,0.1794,0.2518,95.2,91.8,93.6,105.1
176,"Indiv176",8104.347826,17495.65217,145,4.6,0.9787,4.2892,0.6203,0.6269,-0.0158,0.4235,0.1631,0.2021,95.2,98.9,100.3,110.8
177,"Indiv177",8104.347826,16452.17391,127,4.6,0.9787,4.2844,0.6221,0.6197,-2e-04,0.4362,0.1848,0.2282,107.4,112.5,116.6,125.1
178,"Indiv178",8104.347826,15408.69565,130,4.6,0.9787,4.2712,0.6236,0.6254,-0.0067,0.3959,0.2078,0.1931,115.2,115.1,116.8,126.9
179,"Indiv179",8104.347826,14365.21739,118,4.6,0.9787,4.2579,0.6235,0.625,-0.0025,0.4564,0.2044,0.2777,110.4,117.1,128.1,140
180,"Indiv180",8104.347826,13321.73913,112,4.65,0.9894,4.2517,0.6234,0.6192,0.0052,0.4487,0.2266,0.3137,122.4,109.6,110.1,129.9
181,"Indiv181",8104.347826,12278.26087,112,4.7,1,4.2961,0.6288,0.6321,-0.005,0.3927,0.23,0.2723,118,109.6,106.6,111.1
182,"Indiv182",8104.347826,11234.78261,109,4.7,1,4.3079,0.6283,0.628,0.0022,0.4383,0.1957,0.3251,120.5,115.2,110.2,108.3
183,"Indiv183",8104.347826,10191.30435,118,4.7,1,4.3079,0.6278,0.6288,0.0014,0.3908,0.1667,0.3582,130.4,114.6,111.3,109.9
184,"Indiv184",8104.347826,9147.826087,76,4.6,0.9787,4.2435,0.621,0.6197,0.0089,0.4478,0.1577,0.3211,146.6,119.4,107.8,110
185,"Indiv185",8104.347826,8104.347826,93,4.6,0.9787,4.2596,0.625,0.6247,0.0051,0.3646,0.2558,0.304,134.3,126.5,96.9,105.2
186,"Indiv186",8104.347826,7060.869565,94,4.6,0.9787,4.2173,0.6239,0.6229,0.0039,0.3968,0.2655,0.2055,146.3,119.6,101,113
187,"Indiv187",8104.347826,6017.391304,81,4.55,0.9681,4.2026,0.6236,0.6278,-0.0086,0.3732,0.2578,0.2931,123.8,110.8,99.5,110.5
188,"Indiv188",8104.347826,4973.913043,57,4.45,0.9468,4.1837,0.6234,0.6211,0.0022,0.4291,0.2214,0.2956,148.4,86.6,87.4,84.2
189,"Indiv189",8104.347826,3930.434783,49,4.35,0.9255,4.1395,0.6168,0.599,0.0247,0.3454,0.1937,0.325,31.3,34.2,34.2,36.9
190,"Indiv190",8104.347826,2886.956522,40,4.3,0.9149,4.1299,0.6128,0.5938,0.0274,0.4113,0.1842,0.2647,25.7,29.4,31.8,32.9
191,"Indiv191",8104.347826,1843.478261,30,4.2,0.8936,4.1137,0.6116,0.6083,0.0106,0.4912,0.1973,0.3399,35.2,39.3,40.1,39.7
192,"Indiv192",8104.347826,800,18,,,,,,,,,,,,,
193,"Indiv193",9147.826087,24800,90,4.65,0.9894,4.3326,0.6173,0.6194,-0.0107,0.5083,0.2713,0.2561,104.1,85.3,82.2,84.6
194,"Indiv194",9147.826087,23756.52174,95,4.65,0.9894,4.3221,0.6198,0.6205,-0.0066,0.4628,0.2166,0.3058,107.6,86.2,84,89
195,"Indiv195",9147.826087,22713.04348,114,4.65,0.9894,4.313,0.6205,0.625,-0.0116,0.3963,0.1824,0.2994,91.5,87.7,86.3,92.8
196,"Indiv196",9147.826087,21669.56522,124,4.65,0.9894,4.3197,0.6219,0.6238,-0.0067,0.3989,0.1855,0.2618,87.2,88.1,85.3,93.6
197,"Indiv197",9147.826087,20626.08696,127,4.65,0.9894,4.3188,0.6192,0.6173,-8e-04,0.418,0.2416,0.2226,89.8,83.8,80.4,90.2
198,"Indiv198",9147.826087,19582.6087,129,4.65,0.9894,4.3227,0.6213,0.6232,-0.0082,0.436,0.183,0.2572,98,86,84.1,94.2
199,"Indiv199",9147.826087,18539.13043,144,4.6,0.9787,4.2919,0.6207,0.6305,-0.0205,0.3878,0.1748,0.1933,108.9,105.1,104.5,115.7
200,"Indiv200",9147.826087,17495.65217,163,4.6,0.9787,4.2915,0.6185,0.619,-0.0047,0.3882,0.1561,0.2352,112.9,107.7,114.8,119.6
201,"Indiv201",9147.826087,16452.17391,163,4.6,0.9787,4.2832,0.6197,0.6209,-0.006,0.3832,0.1602,0.2196,108.7,108.7,117.7,124
202,"Indiv202",9147.826087,15408.69565,144,4.6,0.9787,4.2703,0.6208,0.6222,-0.0064,0.4213,0.1432,0.2174,108.8,109.8,111.9,124.4
203,"Indiv203",9147.826087,14365.21739,134,4.6,0.9787,4.2653,0.6231,0.6258,-0.0072,0.4167,0.1315,0.2333,115.4,120.7,126.4,138.4
204,"Indiv204",9147.826087,13321.73913,120,4.6,0.9787,4.2597,0.6258,0.6279,-0.0042,0.4573,0.1826,0.2804,122.6,133.2,145.9,150.2
205,"Indiv205",9147.826087,12278.26087,108,4.65,0.9894,4.2579,0.6261,0.6287,-0.0018,0.4157,0.2125,0.2496,110.4,113,116.1,124.1
206,"Indiv206",9147.826087,11234.78261,115,4.65,0.9894,4.2736,0.625,0.6226,0.0066,0.3776,0.1666,0.3334,133.8,135.4,130.9,131.7
207,"Indiv207",9147.826087,10191.30435,127,4.7,1,4.3016,0.6278,0.6276,0.0016,0.3371,0.1961,0.2981,152.1,137.5,127,121.7
208,"Indiv208",9147.826087,9147.826087,126,4.65,0.9894,4.2635,0.625,0.623,0.0061,0.3429,0.1602,0.2731,118.5,120.1,108.7,118.2
209,"Indiv209",9147.826087,8104.347826,105,4.65,0.9894,4.2323,0.6223,0.6214,0.0081,0.3069,0.1855,0.2899,120.9,113,96.1,104.7
210,"Indiv210",9147.826087,7060.869565,94,4.6,0.9787,4.2305,0.6232,0.6266,-0.0017,0.4306,0.2666,0.3074,123.8,115.8,99.2,111.3
211,"Indiv211",9147.826087,6017.391304,72,4.55,0.9681,4.2171,0.6244,0.6285,-0.0095,0.3631,0.2493,0.3127,110.6,88.8,85.7,99.1
212,"Indiv212",9147.826087,4973.913043,54,4.5,0.9574,4.2021,0.6251,0.6241,-0.002,0.4199,0.2584,0.3216,55.4,52.6,56.7,62
213,"Indiv213",9147.826087,3930.434783,50,4.4,0.9362,4.1518,0.6193,0.599,0.0264,0.3502,0.2045,0.3194,38,40.3,39.5,42.7
214,"Indiv214",9147.826087,2886.956522,45,4.35,0.9255,4.1309,0.6106,0.5844,0.04,0.4036,0.1846,0.3562,30.1,32.1,32.3,34.3
215,"Indiv215",9147.826087,1843.478261,37,4.3,0.9149,4.1437,0.6118,0.5932,0.0294,0.4763,0.2102,0.3314,30.9,34.7,37.6,38.1
216,"Indiv216",9147.826087,800,21,4.05,0.8617,4.0401,0.6114,0.6119,-0.0033,0.5911,0.1856,0.4424,28.8,30.6,36.4,36.4
217,"Indiv217",10191.30435,24800,95,4.65,0.9894,4.3175,0.6163,0.6195,-0.0123,0.5021,0.2333,0.3363,117.6,91,89,92
218,"Indiv218",10191.30435,23756.52174,99,4.65,0.9894,4.3135,0.6192,0.6202,-0.0074,0.4733,0.195,0.3156,116.5,93,90.2,95.9
219,"Indiv219",10191.30435,22713.04348,117,4.65,0.9894,4.3097,0.6185,0.6235,-0.0116,0.4693,0.2002,0.3039,93.2,91.7,88.9,92.1
220,"Indiv220",10191.30435,21669.56522,113,4.65,0.9894,4.314,0.6188,0.6226,-0.011,0.456,0.2044,0.3156,95,91,88.9,95
221,"Indiv221",10191.30435,20626.08696,116,4.65,0.9894,4.3229,0.6222,0.625,-0.0085,0.426,0.2317,0.2126,92.9,85.6,82.6,93.9
222,"Indiv222",10191.30435,19582.6087,141,4.6,0.9787,4.3111,0.6212,0.6245,-0.0108,0.3934,0.1705,0.217,99.4,91.1,91.3,98.2
223,"Indiv223",10191.30435,18539.13043,145,4.6,0.9787,4.2932,0.6198,0.6279,-0.0178,0.3771,0.2085,0.1747,110.3,106.8,107,117.5
224,"Indiv224",10191.30435,17495.65217,166,4.6,0.9787,4.2941,0.6194,0.6211,-0.007,0.3665,0.1051,0.2056,113.6,114.4,120.4,128.6
225,"Indiv225",10191.30435,16452.17391,170,4.6,0.9787,4.2835,0.6182,0.6168,-0.0017,0.3749,0.1443,0.2199,122.5,121.8,127.4,135.4
226,"Indiv226",10191.30435,15408.69565,147,4.6,0.9787,4.2712,0.622,0.6245,-0.0081,0.3979,0.1485,0.2092,109.4,113.3,121.1,130.1
227,"Indiv227",10191.30435,14365.21739,143,4.6,0.9787,4.2551,0.6214,0.6238,-0.0071,0.4016,0.1076,0.2174,137,141,153.8,160.4
228,"Indiv228",10191.30435,13321.73913,146,4.65,0.9894,4.2714,0.6228,0.6267,-0.0106,0.3942,0.1632,0.1701,135.9,147.3,142.2,157.1
229,"Indiv229",10191.30435,12278.26087,127,4.65,0.9894,4.2589,0.6235,0.6217,0.0015,0.4288,0.1925,0.2193,137.9,145.4,157.5,164.8
230,"Indiv230",10191.30435,11234.78261,127,4.65,0.9894,4.2585,0.6257,0.6236,0.004,0.3612,0.1311,0.2509,108.2,119.2,121.9,120.8
231,"Indiv231",10191.30435,10191.30435,120,4.65,0.9894,4.2533,0.6239,0.6254,0.0015,0.3309,0.1724,0.2516,131.6,139.9,143,145.6
232,"Indiv232",10191.30435,9147.826087,137,4.65,0.9894,4.2523,0.6258,0.6259,0.001,0.3242,0.1333,0.2607,132.1,138.5,129.9,130.6
233,"Indiv233",10191.30435,8104.347826,128,4.65,0.9894,4.2458,0.623,0.6219,0.0034,0.336,0.1671,0.3142,116.8,120.9,125.2,116.6
234,"Indiv234",10191.30435,7060.869565,109,4.65,0.9894,4.2204,0.6246,0.6261,-2e-04,0.3729,0.2533,0.2467,143.3,134.4,109.2,123
235,"Indiv235",10191.30435,6017.391304,86,4.55,0.9681,4.228,0.6233,0.6314,-0.0125,0.437,0.301,0.2618,117.3,116.8,103.3,112.9
236,"Indiv236",10191.30435,4973.913043,61,4.45,0.9468,4.2166,0.6271,0.641,-0.0262,0.409,0.3092,0.2701,85.7,88.5,78,85.9
237,"Indiv237",10191.30435,3930.434783,42,4.35,0.9255,4.1538,0.6197,0.5976,0.0306,0.3991,0.2273,0.3755,32.8,34.5,35.9,38.5
238,"Indiv238",10191.30435,2886.956522,38,4.3,0.9149,4.151,0.6196,0.6066,0.0192,0.412,0.2557,0.3772,29.1,33,34.6,35.9
239,"Indiv239",10191.30435,1843.478261,34,4.2,0.8936,4.1036,0.6175,0.6015,0.0273,0.4607,0.2444,0.3506,27.3,32.5,33.7,35.1
240,"Indiv240",10191.30435,800,19,,,,,,,,,,,,,
241,"Indiv241",11234.78261,24800,94,4.65,0.9894,4.3083,0.6158,0.6208,-0.0156,0.496,0.2615,0.2589,141.7,101,91.4,95.3
242,"Indiv242",11234.78261,23756.52174,107,4.65,0.9894,4.3155,0.6168,0.6182,-0.0083,0.4814,0.2627,0.2817,116.3,99.1,91.1,95.6
243,"Indiv243",11234.78261,22713.04348,109,4.65,0.9894,4.306,0.6176,0.6206,-0.0108,0.5181,0.1674,0.3612,122.1,103.8,96.5,100.8
244,"Indiv244",11234.78261,21669.56522,115,4.65,0.9894,4.3099,0.619,0.6248,-0.0142,0.4571,0.2424,0.2769,110.4,100.8,95.9,101
245,"Indiv245",11234.78261,20626.08696,125,4.65,0.9894,4.3233,0.6212,0.6232,-0.0085,0.4209,0.2231,0.2784,114.3,101.1,96.4,102.2
246,"Indiv246",11234.78261,19582.6087,130,4.65,0.9894,4.319,0.6213,0.6235,-0.0092,0.4213,0.1716,0.2308,120.8,113.2,111.8,122.5
247,"Indiv247",11234.78261,18539.13043,157,4.65,0.9894,4.2925,0.6204,0.6264,-0.0142,0.3833,0.1666,0.1588,133,129.3,127,141.1
248,"Indiv248",11234.78261,17495.65217,175,4.65,0.9894,4.2958,0.6189,0.62,-0.0061,0.3746,0.1102,0.1888,131.7,129.2,135.4,142.1
249,"Indiv249",11234.78261,16452.17391,176,4.65,0.9894,4.2905,0.6196,0.6207,-0.0068,0.383,0.1062,0.139,134.8,132.1,135.9,147.9
250,"Indiv250",11234.78261,15408.69565,158,4.6,0.9787,4.2779,0.6205,0.6228,-0.0093,0.3636,0.1224,0.154,138.8,136.6,139.7,147.5
251,"Indiv251",11234.78261,14365.21739,153,4.6,0.9787,4.2542,0.6196,0.6248,-0.0129,0.383,0.1448,0.1385,135.4,147,149.6,160.4
252,"Indiv252",11234.78261,13321.73913,149,4.65,0.9894,4.2759,0.622,0.6295,-0.0168,0.3691,0.1672,0.1258,157.1,169.6,155.1,171.9
253,"Indiv253",11234.78261,12278.26087,145,4.65,0.9894,4.2685,0.622,0.6269,-0.0103,0.3591,0.1452,0.1732,154.4,161.1,172.1,174.7
254,"Indiv254",11234.78261,11234.78261,117,4.65,0.9894,4.2537,0.625,0.6316,-0.0112,0.3472,0.1772,0.161,127,137.1,136.2,140.1
255,"Indiv255",11234.78261,10191.30435,142,4.65,0.9894,4.2327,0.6207,0.6232,-0.003,0.3096,0.1579,0.219,139.6,135.4,137.6,139.5
256,"Indiv256",11234.78261,9147.826087,133,4.65,0.9894,4.2347,0.6229,0.6256,-0.0027,0.3153,0.1136,0.2692,142.4,147.3,145.1,142
257,"Indiv257",11234.78261,8104.347826,120,4.65,0.9894,4.2388,0.6246,0.6262,-8e-04,0.3231,0.1797,0.2446,138.2,136.3,136.2,137.9
258,"Indiv258",11234.78261,7060.869565,107,4.65,0.9894,4.2257,0.6245,0.629,-0.0037,0.3706,0.2564,0.2489,135.7,137.8,128.3,130
259,"Indiv259",11234.78261,6017.391304,100,4.65,0.9894,4.2257,0.623,0.629,-0.0046,0.3631,0.2342,0.2518,110.3,116.1,113.7,119.6
260,"Indiv260",11234.78261,4973.913043,51,4.45,0.9468,4.2175,0.6283,0.6363,-0.0147,0.3943,0.2926,0.2578,62.1,82.5,90.8,93.2
261,"Indiv261",11234.78261,3930.434783,33,4.3,0.9149,4.169,0.6225,0.6061,0.0143,0.4032,0.1948,0.3698,74.4,79.9,66.6,76.1
262,"Indiv262",11234.78261,2886.956522,30,4.15,0.883,4.0705,0.6167,0.5983,0.0191,0.4126,0.2126,0.4327,32.1,30.9,33.4,36.2
263,"Indiv263",11234.78261,1843.478261,21,4,0.8511,3.9925,0.6134,0.581,0.0445,0.4981,0.2051,0.4634,13.9,14.5,18,18
264,"Indiv264",11234.78261,800,12,,,,,,,,,,,,,
265,"Indiv265",12278.26087,24800,98,4.65,0.9894,4.3015,0.6138,0.6204,-0.0184,0.501,0.2017,0.2681,146.8,118.2,110.3,108.3
266,"Indiv266",12278.26087,23756.52174,104,4.65,0.9894,4.301,0.6136,0.6178,-0.0148,0.4858,0.238,0.2416,130.9,106.4,92.3,95.1
267,"Indiv267",12278.26087,22713.04348,100,4.65,0.9894,4.3071,0.6174,0.6195,-0.0089,0.5226,0.2371,0.3259,123.6,100.9,90.9,93.3
268,"Indiv268",12278.26087,21669.56522,109,4.65,0.9894,4.3034,0.6178,0.6252,-0.0159,0.4708,0.179,0.3105,152.4,124.1,122.1,124.2
269,"Indiv269",12278.26087,20626.08696,129,4.65,0.9894,4.3142,0.6229,0.6287,-0.0143,0.4176,0.2586,0.2032,130.9,112.3,111.4,120.2
270,"Indiv270",12278.26087,19582.6087,152,4.65,0.9894,4.31,0.6215,0.626,-0.0126,0.4255,0.2225,0.1963,130.6,126.5,119.7,126
271,"Indiv271",12278.26087,18539.13043,158,4.65,0.9894,4.2999,0.6218,0.6282,-0.0156,0.4247,0.2014,0.1949,131.8,127.4,123.9,130.7
272,"Indiv272",12278.26087,17495.65217,164,4.65,0.9894,4.2942,0.6214,0.625,-0.0098,0.3606,0.152,0.155,148.6,147.7,150.3,161.9
273,"Indiv273",12278.26087,16452.17391,176,4.65,0.9894,4.2869,0.6202,0.6205,-0.006,0.3852,0.0877,0.1423,148.3,151.7,149.1,166.7
274,"Indiv274",12278.26087,15408.69565,174,4.65,0.9894,4.2788,0.619,0.6204,-0.0085,0.3484,0.1152,0.1528,163.1,167.3,166.8,178.7
275,"Indiv275",12278.26087,14365.21739,172,4.7,1,4.2788,0.6203,0.6238,-0.0112,0.3115,0.0945,0.1137,155.1,161.9,170.1,166.6
276,"Indiv276",12278.26087,13321.73913,174,4.7,1,4.2892,0.6214,0.6238,-0.0072,0.3349,0.1509,0.1081,160.5,182.2,188.1,180.1
277,"Indiv277",12278.26087,12278.26087,160,4.7,1,4.2899,0.6222,0.625,-0.0074,0.3188,0.1534,0.1124,166.3,177.1,182.3,176.8
278,"Indiv278",12278.26087,11234.78261,167,4.7,1,4.2702,0.6214,0.6219,-0.0017,0.3002,0.1315,0.1783,183.4,171.8,180.3,183.9
279,"Indiv279",12278.26087,10191.30435,161,4.7,1,4.25,0.6213,0.6221,-0.0031,0.2767,0.1347,0.1915,158.9,157.8,163.5,167.5
280,"Indiv280",12278.26087,9147.826087,143,4.65,0.9894,4.228,0.621,0.6259,-0.0071,0.2813,0.0985,0.2052,143.5,132.6,134.9,143.7
281,"Indiv281",12278.26087,8104.347826,133,4.65,0.9894,4.2182,0.6234,0.6274,-0.0052,0.2944,0.1518,0.1961,133,135.4,137.2,142.5
282,"Indiv282",12278.26087,7060.869565,120,4.65,0.9894,4.2192,0.6226,0.6258,-0.0032,0.3216,0.1919,0.204,128.2,128.7,137.8,136.5
283,"Indiv283",12278.26087,6017.391304,99,4.6,0.9787,4.1939,0.6234,0.6303,-0.0108,0.3816,0.2526,0.2338,112.3,118.4,119.3,130.8
284,"Indiv284",12278.26087,4973.913043,50,4.45,0.9468,4.2305,0.6225,0.634,-0.019,0.3622,0.2236,0.2766,58.9,82.2,79.8,82.7
285,"Indiv285",12278.26087,3930.434783,33,4.3,0.9149,4.1811,0.6263,0.6182,0.0079,0.431,0.2172,0.3724,100.8,93.1,91.7,97.7
286,"Indiv286",12278.26087,2886.956522,23,4.15,0.883,4.1153,0.6228,0.5978,0.0375,0.459,0.2285,0.4885,21.9,22.2,25.9,25.9
287,"Indiv287",12278.26087,1843.478261,16,,,,,,,,,,,,,
288,"Indiv288",12278.26087,800,8,,,,,,,,,,,,,
289,"Indiv289",13321.73913,24800,108,4.65,0.9894,4.2753,0.6127,0.6134,-0.0102,0.4978,0.1647,0.2913,120.9,114.6,114.2,105.9
290,"Indiv290",13321.73913,23756.52174,103,4.65,0.9894,4.2907,0.6132,0.618,-0.0146,0.4927,0.2195,0.2629,152.2,118,106.8,106.6
291,"Indiv291",13321.73913,22713.04348,97,4.65,0.9894,4.2709,0.6113,0.6113,-0.0063,0.5031,0.1836,0.2846,122,130.2,109.8,105.8
292,"Indiv292",13321.73913,21669.56522,128,4.65,0.9894,4.3034,0.6169,0.6203,-0.0103,0.4855,0.216,0.2388,128.4,120.6,114.6,121.2
293,"Indiv293",13321.73913,20626.08696,142,4.65,0.9894,4.291,0.6187,0.6197,-0.0074,0.4127,0.2138,0.1884,128.2,113.7,112.1,119.5
294,"Indiv294",13321.73913,19582.6087,159,4.65,0.9894,4.2986,0.6202,0.6217,-0.0083,0.4339,0.179,0.2013,142.1,127.2,121.8,128.9
295,"Indiv295",13321.73913,18539.13043,159,4.65,0.9894,4.2918,0.6203,0.6255,-0.0145,0.3917,0.1907,0.1976,144.9,128,122.4,129.2
296,"Indiv296",13321.73913,17495.65217,143,4.65,0.9894,4.3026,0.6231,0.6318,-0.0204,0.4181,0.243,0.1705,139.2,135.4,131.4,136.7
297,"Indiv297",13321.73913,16452.17391,139,4.6,0.9787,4.2622,0.6208,0.6245,-0.011,0.3616,0.129,0.1511,135.5,136.7,146.8,155.6
298,"Indiv298",13321.73913,15408.69565,168,4.6,0.9787,4.2686,0.619,0.617,-0.0029,0.3112,0.0892,0.1524,164.8,167.3,167.4,181.7
299,"Indiv299",13321.73913,14365.21739,162,4.7,1,4.2618,0.6207,0.625,-0.0135,0.3601,0.1276,0.1363,162.8,193.7,202.9,208.2
300,"Indiv300",13321.73913,13321.73913,170,4.7,1,4.2813,0.6213,0.6212,-0.0026,0.3772,0.1661,0.1299,178.1,190.8,206,198.8
301,"Indiv301",13321.73913,12278.26087,182,4.7,1,4.2742,0.6204,0.6201,-2e-04,0.3282,0.1223,0.1414,177.8,178,199.1,190.2
302,"Indiv302",13321.73913,11234.78261,172,4.7,1,4.2784,0.6212,0.623,-0.0041,0.3151,0.1474,0.1652,180,168.8,187.8,182.4
303,"Indiv303",13321.73913,10191.30435,155,4.7,1,4.2612,0.6224,0.6232,-0.0019,0.2693,0.1255,0.1741,164.6,158.9,163.8,165.9
304,"Indiv304",13321.73913,9147.826087,141,4.65,0.9894,4.2375,0.6216,0.6284,-0.0102,0.2836,0.1139,0.161,135.7,130.2,132.8,139
305,"Indiv305",13321.73913,8104.347826,128,4.6,0.9787,4.2007,0.6249,0.6316,-0.0127,0.3089,0.1643,0.2102,127.6,129.1,136.3,139.6
306,"Indiv306",13321.73913,7060.869565,110,4.6,0.9787,4.1962,0.6226,0.6314,-0.0154,0.347,0.202,0.2174,133.8,136,142,142.8
307,"Indiv307",13321.73913,6017.391304,91,4.6,0.9787,4.1967,0.6226,0.6313,-0.0125,0.4216,0.2484,0.2557,95.2,105.2,105.3,119.3
308,"Indiv308",13321.73913,4973.913043,62,4.55,0.9681,4.2058,0.6221,0.6298,-0.0128,0.4293,0.2465,0.2952,77.8,90.4,87.1,102.1
309,"Indiv309",13321.73913,3930.434783,28,4.3,0.9149,4.1758,0.6241,0.5982,0.0394,0.4659,0.1509,0.4469,47.9,59.4,68.8,85.6
310,"Indiv310",13321.73913,2886.956522,18,,,,,,,,,,,,,
311,"Indiv311",13321.73913,1843.478261,13,,,,,,,,,,,,,
312,"Indiv312",13321.73913,800,8,,,,,,,,,,,,,
313,"Indiv313",14365.21739,24800,102,4.6,0.9787,4.2623,0.6109,0.6147,-0.0141,0.5152,0.1941,0.2761,107.8,110.6,105.2,97.1
314,"Indiv314",14365.21739,23756.52174,112,4.65,0.9894,4.2832,0.6132,0.613,-0.007,0.512,0.2587,0.2494,118.3,124,110.7,113.6
315,"Indiv315",14365.21739,22713.04348,121,4.65,0.9894,4.2712,0.6142,0.6112,-6e-04,0.533,0.2399,0.2328,142.3,136.1,120.7,126.6
316,"Indiv316",14365.21739,21669.56522,129,4.65,0.9894,4.2807,0.6162,0.6217,-0.0145,0.4594,0.2594,0.1986,113.1,108.7,111.6,116.7
317,"Indiv317",14365.21739,20626.08696,146,4.65,0.9894,4.279,0.6186,0.6209,-0.0106,0.4562,0.263,0.1368,136.8,124.4,118.5,128.6
318,"Indiv318",14365.21739,19582.6087,152,4.65,0.9894,4.2779,0.6181,0.6207,-0.0112,0.4363,0.2329,0.203,123.9,117,115.8,126.9
319,"Indiv319",14365.21739,18539.13043,151,4.65,0.9894,4.282,0.6193,0.6182,-0.0052,0.4193,0.2101,0.1967,141.8,131.2,125.5,133.7
320,"Indiv320",14365.21739,17495.65217,133,4.65,0.9894,4.2778,0.6243,0.6286,-0.0133,0.4244,0.2439,0.2413,159.7,153.1,132.6,145.3
321,"Indiv321",14365.21739,16452.17391,151,4.65,0.9894,4.284,0.6209,0.6219,-0.0065,0.4374,0.1657,0.1983,175.6,197.5,182.1,189.8
322,"Indiv322",14365.21739,15408.69565,146,4.6,0.9787,4.2545,0.6198,0.6216,-0.0087,0.3957,0.1861,0.1942,155.8,174.4,187.9,198.8
323,"Indiv323",14365.21739,14365.21739,177,4.7,1,4.2724,0.6191,0.6218,-0.0104,0.3794,0.1688,0.1765,187,196.9,208.3,213.4
324,"Indiv324",14365.21739,13321.73913,178,4.7,1,4.2795,0.6208,0.6208,-0.0026,0.4027,0.1859,0.1528,190.3,186.8,209.6,212
325,"Indiv325",14365.21739,12278.26087,177,4.7,1,4.2737,0.6205,0.6192,-2e-04,0.3473,0.1567,0.1401,185.4,184.9,203.2,195.3
326,"Indiv326",14365.21739,11234.78261,142,4.65,0.9894,4.2609,0.6236,0.6271,-0.0082,0.3101,0.1731,0.1046,141.7,155.9,167.8,159.8
327,"Indiv327",14365.21739,10191.30435,114,4.6,0.9787,4.2063,0.6219,0.6333,-0.0235,0.3426,0.1165,0.2265,135.7,138.9,141.2,160.8
328,"Indiv328",14365.21739,9147.826087,99,4.6,0.9787,4.2096,0.6251,0.6369,-0.0231,0.3579,0.1967,0.2461,135.3,140.7,152.3,162
329,"Indiv329",14365.21739,8104.347826,88,4.65,0.9894,4.2176,0.6244,0.6341,-0.0116,0.4174,0.1957,0.2698,114.4,108.6,119.7,136.3
330,"Indiv330",14365.21739,7060.869565,75,4.6,0.9787,4.2373,0.6231,0.632,-0.0094,0.4304,0.2532,0.2466,114.7,113.8,119.1,124.2
331,"Indiv331",14365.21739,6017.391304,73,4.55,0.9681,4.189,0.6186,0.6226,-0.0056,0.4364,0.2573,0.2497,92.8,95,95.3,101.8
332,"Indiv332",14365.21739,4973.913043,43,4.45,0.9468,4.1742,0.6118,0.614,-0.0052,0.5047,0.2553,0.401,73.1,74.4,78.6,88.6
333,"Indiv333",14365.21739,3930.434783,19,,,,,,,,,,,,,
334,"Indiv334",14365.21739,2886.956522,17,,,,,,,,,,,,,
335,"Indiv335",14365.21739,1843.478261,15,,,,,,,,,,,,,
336,"Indiv336",14365.21739,800,14,,,,,,,,,,,,,
337,"Indiv337",15408.69565,24800,109,4.6,0.9787,4.2566,0.6093,0.6055,-8e-04,0.5488,0.2329,0.2669,117.1,130.3,115.6,113.2
338,"Indiv338",15408.69565,23756.52174,120,4.65,0.9894,4.2568,0.6116,0.6104,-0.0055,0.5056,0.2598,0.2252,123.6,135,119.9,123.1
339,"Indiv339",15408.69565,22713.04348,131,4.65,0.9894,4.2605,0.6137,0.613,-0.0039,0.418,0.2449,0.2313,133.1,126.9,114.1,125.3
340,"Indiv340",15408.69565,21669.56522,126,4.65,0.9894,4.2646,0.614,0.6151,-0.0072,0.4987,0.2285,0.2556,132.6,127.9,120.6,126.9
341,"Indiv341",15408.69565,20626.08696,139,4.65,0.9894,4.2765,0.6173,0.6183,-0.0086,0.4664,0.2461,0.2395,121,117.2,109.9,118
342,"Indiv342",15408.69565,19582.6087,156,4.65,0.9894,4.2778,0.62,0.6247,-0.0142,0.4397,0.2045,0.2642,131.4,136.6,126.5,137.1
343,"Indiv343",15408.69565,18539.13043,152,4.65,0.9894,4.2849,0.6205,0.6276,-0.0176,0.403,0.1886,0.2587,142.9,141.7,131.1,142.1
344,"Indiv344",15408.69565,17495.65217,163,4.65,0.9894,4.2546,0.6193,0.6255,-0.0158,0.4485,0.261,0.1741,154.4,145,142.6,154.5
345,"Indiv345",15408.69565,16452.17391,169,4.7,1,4.2552,0.6205,0.6257,-0.0136,0.4487,0.2075,0.2326,170.9,182.2,185.5,205.4
346,"Indiv346",15408.69565,15408.69565,173,4.7,1,4.2634,0.6217,0.6246,-0.011,0.4292,0.2189,0.2153,182.8,198.8,198.5,218.7
347,"Indiv347",15408.69565,14365.21739,171,4.7,1,4.2711,0.621,0.6216,-0.0071,0.4273,0.1664,0.191,188.5,187.4,212.4,228.3
348,"Indiv348",15408.69565,13321.73913,172,4.7,1,4.2725,0.6196,0.6212,-0.009,0.3732,0.1721,0.1955,188.5,195.2,223.6,223.3
349,"Indiv349",15408.69565,12278.26087,158,4.7,1,4.2425,0.6185,0.6209,-0.0102,0.385,0.165,0.2236,151.3,174.5,186.2,207.7
350,"Indiv350",15408.69565,11234.78261,92,4.55,0.9681,4.2085,0.6208,0.6315,-0.0205,0.4521,0.1743,0.1951,119.4,122.2,137.7,169.6
351,"Indiv351",15408.69565,10191.30435,61,4.45,0.9468,4.1737,0.6143,0.6246,-0.0124,0.4416,0.2418,0.2809,90.5,118.7,144.6,148.9
352,"Indiv352",15408.69565,9147.826087,40,4.45,0.9468,4.2236,0.6084,0.6225,-0.0206,0.4946,0.2124,0.3101,134.6,150.8,239.3,251.7
353,"Indiv353",15408.69565,8104.347826,48,4.5,0.9574,4.2002,0.6158,0.6177,-0.0061,0.4664,0.1978,0.3182,123.7,137.4,152.4,161.3
354,"Indiv354",15408.69565,7060.869565,70,4.65,0.9894,4.2307,0.6134,0.6214,-0.0173,0.4865,0.2005,0.3407,117.9,133,153,153.6
355,"Indiv355",15408.69565,6017.391304,53,4.6,0.9787,4.2168,0.6138,0.6179,-0.0099,0.4878,0.1802,0.3355,88.6,99.5,114.9,116.9
356,"Indiv356",15408.69565,4973.913043,30,4.5,0.9574,4.2731,0.6095,0.595,0.0294,0.5702,0.1673,0.3888,63.8,62.4,71.6,84
357,"Indiv357",15408.69565,3930.434783,23,4.1,0.8723,4.0612,0.5946,0.5565,0.0664,0.514,0.2594,0.5456,14.9,12.7,17.6,17.6
358,"Indiv358",15408.69565,2886.956522,20,4.1,0.8723,4.1,0.5747,0.5325,0.0786,0.4439,0.1613,0.4129,12.8,12.6,13.7,13.7
359,"Indiv359",15408.69565,1843.478261,18,,,,,,,,,,,,,
360,"Indiv360",15408.69565,800,17,,,,,,,,,,,,,
361,"Indiv361",16452.17391,24800,103,4.6,0.9787,4.2327,0.6063,0.6073,-0.0102,0.5236,0.2006,0.2792,114.1,121.5,104.4,103.3
362,"Indiv362",16452.17391,23756.52174,119,4.65,0.9894,4.2473,0.6106,0.6092,-0.0058,0.4752,0.2281,0.2578,101.1,113.1,106.9,110.1
363,"Indiv363",16452.17391,22713.04348,127,4.65,0.9894,4.2531,0.6126,0.611,-0.0037,0.4562,0.2227,0.2824,122.9,119.8,118.5,118.7
364,"Indiv364",16452.17391,21669.56522,119,4.65,0.9894,4.2636,0.6149,0.616,-0.0069,0.4811,0.2314,0.2591,131.2,124,118.7,119.4
365,"Indiv365",16452.17391,20626.08696,133,4.65,0.9894,4.2796,0.6175,0.6188,-0.0085,0.4849,0.2378,0.2693,113.7,111,102.7,110
366,"Indiv366",16452.17391,19582.6087,140,4.65,0.9894,4.2866,0.6179,0.6211,-0.0105,0.4903,0.2066,0.278,160,145,128.2,137.7
367,"Indiv367",16452.17391,18539.13043,143,4.65,0.9894,4.2874,0.6197,0.6259,-0.0154,0.4666,0.2309,0.2251,148.2,138.9,127.2,138.1
368,"Indiv368",16452.17391,17495.65217,153,4.65,0.9894,4.2665,0.6194,0.6235,-0.0125,0.4859,0.2195,0.2294,157.4,150.9,143.5,159.2
369,"Indiv369",16452.17391,16452.17391,169,4.7,1,4.2593,0.6199,0.6278,-0.0179,0.4238,0.2413,0.2261,182.9,197.2,208.7,225
370,"Indiv370",16452.17391,15408.69565,158,4.7,1,4.2558,0.6205,0.6272,-0.016,0.4382,0.2185,0.2306,193.8,218,215.3,245.4
371,"Indiv371",16452.17391,14365.21739,134,4.65,0.9894,4.2287,0.6192,0.6216,-0.0101,0.4026,0.1718,0.2568,154.4,173.5,182.6,218.7
372,"Indiv372",16452.17391,13321.73913,131,4.7,1,4.2383,0.619,0.6252,-0.015,0.4241,0.1719,0.2478,158.5,170,210.4,255.1
373,"Indiv373",16452.17391,12278.26087,145,4.7,1,4.2222,0.6192,0.6241,-0.0126,0.4211,0.1916,0.2295,152.2,149.7,181,217.7
374,"Indiv374",16452.17391,11234.78261,108,4.7,1,4.1952,0.6152,0.6213,-0.0132,0.5099,0.3016,0.2506,159.8,162.8,185.2,239.9
375,"Indiv375",16452.17391,10191.30435,52,4.4,0.9362,4.2056,0.6032,0.6029,-3e-04,0.465,0.2009,0.2852,124.9,184.4,175.8,185.2
376,"Indiv376",16452.17391,9147.826087,39,4.45,0.9468,4.2129,0.6096,0.6077,0.0045,0.5156,0.1819,0.3056,669.1,607.2,1025.7,523.2
377,"Indiv377",16452.17391,8104.347826,54,4.5,0.9574,4.211,0.6093,0.6092,-0.0037,0.4955,0.1615,0.3512,160,144,177.3,189.1
378,"Indiv378",16452.17391,7060.869565,51,4.6,0.9787,4.244,0.6134,0.6128,-0.0025,0.5085,0.2105,0.3612,127.6,133.7,153.7,149.1
379,"Indiv379",16452.17391,6017.391304,35,4.55,0.9681,4.2602,0.6126,0.61,0.0028,0.5765,0.2186,0.3683,146.4,136.5,140.8,140
380,"Indiv380",16452.17391,4973.913043,20,4.15,0.883,4.15,0.5944,0.5825,0.034,0.5081,0.1645,0.3986,29.8,48.3,59.1,59.1
381,"Indiv381",16452.17391,3930.434783,13,,,,,,,,,,,,,
382,"Indiv382",16452.17391,2886.956522,14,,,,,,,,,,,,,
383,"Indiv383",16452.17391,1843.478261,17,,,,,,,,,,,,,
384,"Indiv384",16452.17391,800,13,,,,,,,,,,,,,
385,"Indiv385",17495.65217,24800,95,4.6,0.9787,4.2282,0.6076,0.6089,-0.0093,0.5364,0.2035,0.2982,101.5,120,99.4,101.1
386,"Indiv386",17495.65217,23756.52174,112,4.6,0.9787,4.2462,0.6104,0.6121,-0.0104,0.502,0.201,0.3134,95.3,112.7,103.1,109.2
387,"Indiv387",17495.65217,22713.04348,113,4.65,0.9894,4.2509,0.6113,0.6115,-0.0087,0.4875,0.1931,0.3201,89,103.4,99.9,105.8
388,"Indiv388",17495.65217,21669.56522,89,4.6,0.9787,4.2415,0.6081,0.6124,-0.0149,0.5547,0.2009,0.2781,101.9,112.9,97,97.9
389,"Indiv389",17495.65217,20626.08696,72,4.55,0.9681,4.2351,0.6109,0.6153,-0.013,0.5255,0.2106,0.3098,148.6,178.1,128.7,150.6
390,"Indiv390",17495.65217,19582.6087,120,4.65,0.9894,4.2526,0.618,0.625,-0.0153,0.5232,0.2207,0.293,166.6,158.7,145.1,150.6
391,"Indiv391",17495.65217,18539.13043,103,4.65,0.9894,4.2793,0.6193,0.617,-4e-04,0.5339,0.2585,0.3257,150.4,159.9,139.4,158.6
392,"Indiv392",17495.65217,17495.65217,114,4.7,1,4.2723,0.6177,0.6189,-0.006,0.532,0.1912,0.3209,248.6,255.7,228.3,275.7
393,"Indiv393",17495.65217,16452.17391,162,4.7,1,4.2457,0.6163,0.6219,-0.0135,0.422,0.1464,0.2534,177.6,181.8,178.4,214.1
394,"Indiv394",17495.65217,15408.69565,135,4.7,1,4.2311,0.6141,0.6181,-0.0118,0.4467,0.1966,0.2756,146.2,172,189.3,223.2
395,"Indiv395",17495.65217,14365.21739,104,4.7,1,4.2335,0.6149,0.6168,-0.0071,0.531,0.1263,0.3147,154.6,172.9,207.1,262.1
396,"Indiv396",17495.65217,13321.73913,104,4.65,0.9894,4.2029,0.6149,0.6197,-0.0108,0.5583,0.2245,0.3132,100.7,104.8,130.5,166
397,"Indiv397",17495.65217,12278.26087,134,4.7,1,4.1908,0.6148,0.6164,-0.0067,0.4437,0.1815,0.2845,138.6,133.9,159.7,200.6
398,"Indiv398",17495.65217,11234.78261,121,4.7,1,4.1832,0.614,0.6169,-0.0087,0.4473,0.2107,0.2516,140.3,151.5,170.8,216.9
399,"Indiv399",17495.65217,10191.30435,63,4.45,0.9468,4.1954,0.6049,0.596,0.01,0.507,0.1988,0.3518,125.9,152.4,210.9,200.7
400,"Indiv400",17495.65217,9147.826087,49,4.5,0.9574,4.2246,0.607,0.599,0.0118,0.4663,0.1623,0.3156,204.9,303.9,257.8,283.3
401,"Indiv401",17495.65217,8104.347826,42,4.45,0.9468,4.2047,0.6074,0.6048,0.0039,0.498,0.1853,0.3655,168.5,117.7,184.9,184.3
402,"Indiv402",17495.65217,7060.869565,35,4.5,0.9574,4.2532,0.6084,0.61,-0.0027,0.5569,0.2005,0.4393,143.3,130.6,126.6,130.9
403,"Indiv403",17495.65217,6017.391304,24,4.45,0.9468,4.333,0.5999,0.6104,-0.0179,0.5228,0.1404,0.4097,227.7,226.5,128.1,128.1
404,"Indiv404",17495.65217,4973.913043,14,,,,,,,,,,,,,
405,"Indiv405",17495.65217,3930.434783,9,,,,,,,,,,,,,
406,"Indiv406",17495.65217,2886.956522,11,,,,,,,,,,,,,
407,"Indiv407",17495.65217,1843.478261,15,,,,,,,,,,,,,
408,"Indiv408",17495.65217,800,13,,,,,,,,,,,,,
409,"Indiv409",18539.13043,24800,79,4.6,0.9787,4.2598,0.6071,0.6184,-0.0271,0.4423,0.1915,0.2453,89.6,109.2,91.7,91.5
410,"Indiv410",18539.13043,23756.52174,105,4.6,0.9787,4.2259,0.6077,0.6119,-0.0157,0.5151,0.1619,0.325,93.3,106.9,96.8,101.6
411,"Indiv411",18539.13043,22713.04348,105,4.6,0.9787,4.2246,0.607,0.6086,-0.011,0.5418,0.1944,0.335,89.2,100.5,93.3,99
412,"Indiv412",18539.13043,21669.56522,88,4.6,0.9787,4.2379,0.6079,0.6159,-0.0234,0.4562,0.209,0.2909,91.9,108.5,100.9,97.4
413,"Indiv413",18539.13043,20626.08696,92,4.6,0.9787,4.2311,0.6122,0.6147,-0.0148,0.4073,0.1867,0.3146,124.4,142.7,124.9,125.6
414,"Indiv414",18539.13043,19582.6087,96,4.6,0.9787,4.2071,0.6131,0.6193,-0.0162,0.5206,0.1631,0.326,153.9,183.5,139.8,171.8
415,"Indiv415",18539.13043,18539.13043,100,4.6,0.9787,4.2132,0.6111,0.6125,-0.0069,0.5001,0.1895,0.3381,140.8,152.3,147.3,172.2
416,"Indiv416",18539.13043,17495.65217,101,4.65,0.9894,4.2449,0.6119,0.6035,0.0072,0.5123,0.222,0.373,113.3,110.8,131.1,155.3
417,"Indiv417",18539.13043,16452.17391,148,4.7,1,4.2313,0.6133,0.6115,-0.0031,0.4767,0.1882,0.3456,139.4,151.9,165.6,190.2
418,"Indiv418",18539.13043,15408.69565,128,4.65,0.9894,4.2266,0.6148,0.6133,-0.0043,0.4617,0.1743,0.3215,121.8,115.6,133.8,148.3
419,"Indiv419",18539.13043,14365.21739,114,4.65,0.9894,4.1923,0.6109,0.6,0.0095,0.4743,0.1818,0.3495,105.8,99.7,117.1,147.8
420,"Indiv420",18539.13043,13321.73913,124,4.65,0.9894,4.1909,0.6137,0.6121,-0.003,0.4749,0.231,0.3213,104.1,102.3,122.7,151.5
421,"Indiv421",18539.13043,12278.26087,132,4.65,0.9894,4.2072,0.6164,0.6197,-0.0102,0.4173,0.2086,0.2707,108.5,107,127.4,139.6
422,"Indiv422",18539.13043,11234.78261,95,4.65,0.9894,4.1932,0.6107,0.6032,0.0057,0.4505,0.196,0.3807,96.8,96.4,131.4,175.4
423,"Indiv423",18539.13043,10191.30435,78,4.55,0.9681,4.149,0.6053,0.5994,0.005,0.44,0.1964,0.2865,76.8,77.4,90.8,124.7
424,"Indiv424",18539.13043,9147.826087,39,4.35,0.9255,4.1954,0.5999,0.5885,0.0169,0.4732,0.1913,0.3716,143.7,106.9,127.2,142.1
425,"Indiv425",18539.13043,8104.347826,30,4.35,0.9255,4.2178,0.6058,0.6,0.0119,0.46,0.2041,0.4318,630.5,144.7,139.7,168.5
426,"Indiv426",18539.13043,7060.869565,23,4.15,0.883,4.0895,0.6061,0.6022,0.0044,0.3918,0.1892,0.4295,203.2,131.1,91,91
427,"Indiv427",18539.13043,6017.391304,19,,,,,,,,,,,,,
428,"Indiv428",18539.13043,4973.913043,12,,,,,,,,,,,,,
429,"Indiv429",18539.13043,3930.434783,9,,,,,,,,,,,,,
430,"Indiv430",18539.13043,2886.956522,10,,,,,,,,,,,,,
431,"Indiv431",18539.13043,1843.478261,13,,,,,,,,,,,,,
432,"Indiv432",18539.13043,800,12,,,,,,,,,,,,,
433,"Indiv433",19582.6087,24800,65,4.6,0.9787,4.2435,0.6061,0.6169,-0.0287,0.4585,0.1227,0.3169,93.6,111.6,111,123.9
434,"Indiv434",19582.6087,23756.52174,88,4.6,0.9787,4.2505,0.6081,0.6165,-0.0232,0.4846,0.1916,0.2441,87.3,105.4,92.5,91.6
435,"Indiv435",19582.6087,22713.04348,98,4.6,0.9787,4.2441,0.6089,0.6179,-0.0259,0.4653,0.2221,0.247,80,95.9,93,95.3
436,"Indiv436",19582.6087,21669.56522,90,4.6,0.9787,4.221,0.6077,0.6139,-0.0217,0.4045,0.1601,0.3058,97.2,121.4,106.3,108.7
437,"Indiv437",19582.6087,20626.08696,97,4.6,0.9787,4.2296,0.6125,0.6155,-0.0157,0.4101,0.181,0.3056,112.1,131.8,117.5,126.4
438,"Indiv438",19582.6087,19582.6087,104,4.6,0.9787,4.2196,0.6151,0.6173,-0.0131,0.3964,0.1559,0.2946,115.8,136.4,137.7,134.6
439,"Indiv439",19582.6087,18539.13043,99,4.6,0.9787,4.1896,0.6092,0.6126,-0.0125,0.4175,0.2085,0.3079,128.1,119.1,136.9,161.9
440,"Indiv440",19582.6087,17495.65217,107,4.65,0.9894,4.1858,0.6094,0.6131,-0.0152,0.3936,0.2514,0.2585,122.9,112.4,127.3,149.4
441,"Indiv441",19582.6087,16452.17391,106,4.65,0.9894,4.2038,0.6104,0.6057,-0.0019,0.4443,0.2563,0.2962,125.5,129.2,130.8,163.2
442,"Indiv442",19582.6087,15408.69565,125,4.65,0.9894,4.2156,0.6121,0.608,-5e-04,0.4618,0.1762,0.378,120.2,114.6,125.7,143.9
443,"Indiv443",19582.6087,14365.21739,126,4.65,0.9894,4.2031,0.6116,0.6064,6e-04,0.4648,0.1839,0.3652,112.7,105.9,121.5,147.7
444,"Indiv444",19582.6087,13321.73913,130,4.65,0.9894,4.207,0.6158,0.6146,-0.0044,0.4276,0.2135,0.3076,98.9,95.5,114.4,124.3
445,"Indiv445",19582.6087,12278.26087,128,4.65,0.9894,4.2026,0.6165,0.6148,-0.0043,0.4714,0.1794,0.3264,97.6,93.5,112.1,126.9
446,"Indiv446",19582.6087,11234.78261,116,4.65,0.9894,4.2053,0.6147,0.6112,-0.003,0.442,0.1815,0.3646,105.7,96.5,125.4,138
447,"Indiv447",19582.6087,10191.30435,74,4.55,0.9681,4.1531,0.6084,0.5986,0.0097,0.437,0.2404,0.3321,74,64,79.9,105.7
448,"Indiv448",19582.6087,9147.826087,71,4.55,0.9681,4.1743,0.6075,0.6042,-0.0017,0.4263,0.2222,0.3385,57.9,57.9,62.3,78
449,"Indiv449",19582.6087,8104.347826,57,4.45,0.9468,4.1657,0.6017,0.5939,0.004,0.407,0.1137,0.3552,46.9,47,55,61.8
450,"Indiv450",19582.6087,7060.869565,37,4.3,0.9149,4.1457,0.6051,0.6013,-0.004,0.3085,0.1061,0.3956,35.2,40,41.5,42.1
451,"Indiv451",19582.6087,6017.391304,20,4,0.8511,4,0.6061,0.615,-0.0238,0.4298,0.1928,0.4174,28.9,33.1,34.6,34.6
452,"Indiv452",19582.6087,4973.913043,9,,,,,,,,,,,,,
453,"Indiv453",19582.6087,3930.434783,9,,,,,,,,,,,,,
454,"Indiv454",19582.6087,2886.956522,12,,,,,,,,,,,,,
455,"Indiv455",19582.6087,1843.478261,13,,,,,,,,,,,,,
456,"Indiv456",19582.6087,800,12,,,,,,,,,,,,,
457,"Indiv457",20626.08696,24800,56,4.6,0.9787,4.2304,0.6034,0.6116,-0.022,0.509,0.1642,0.2999,91,112,112.4,105.7
458,"Indiv458",20626.08696,23756.52174,60,4.6,0.9787,4.2218,0.6026,0.61,-0.0218,0.4952,0.1525,0.2897,88,108,115,100.1
459,"Indiv459",20626.08696,22713.04348,89,4.6,0.9787,4.2375,0.6103,0.618,-0.0247,0.4163,0.1648,0.3007,87.4,107,98.7,107.2
460,"Indiv460",20626.08696,21669.56522,86,4.6,0.9787,4.2348,0.6115,0.6174,-0.0205,0.3909,0.2033,0.2797,79.6,92.4,87.7,98
461,"Indiv461",20626.08696,20626.08696,92,4.6,0.9787,4.1718,0.6093,0.6152,-0.0184,0.4616,0.1884,0.3,105.6,128.7,147.8,151.4
462,"Indiv462",20626.08696,19582.6087,83,4.6,0.9787,4.165,0.6114,0.6102,-0.0069,0.4916,0.1776,0.3235,125.4,150.1,150.7,152.3
463,"Indiv463",20626.08696,18539.13043,75,4.5,0.9574,4.1241,0.6048,0.6033,-0.0071,0.5076,0.1995,0.3424,108.4,99.2,115,139.6
464,"Indiv464",20626.08696,17495.65217,79,4.6,0.9787,4.1811,0.6048,0.6,-0.0015,0.4337,0.2114,0.3264,99.8,106.8,105.8,159.6
465,"Indiv465",20626.08696,16452.17391,111,4.65,0.9894,4.1972,0.6092,0.6027,9e-04,0.4499,0.2435,0.3362,104.6,104.3,109.5,136.2
466,"Indiv466",20626.08696,15408.69565,112,4.65,0.9894,4.1962,0.6085,0.6018,0.0016,0.4791,0.2724,0.3027,104.5,103.8,111.4,137.2
467,"Indiv467",20626.08696,14365.21739,97,4.65,0.9894,4.1737,0.6109,0.6016,0.0053,0.424,0.229,0.3335,97.6,93.8,109.3,145.4
468,"Indiv468",20626.08696,13321.73913,120,4.65,0.9894,4.1998,0.6138,0.6104,-0.0037,0.4382,0.2092,0.3419,93.5,93.6,112.3,126.5
469,"Indiv469",20626.08696,12278.26087,122,4.65,0.9894,4.1997,0.615,0.6127,-0.0055,0.4105,0.1817,0.3579,95.2,96.3,111.8,126.6
470,"Indiv470",20626.08696,11234.78261,116,4.65,0.9894,4.2,0.6138,0.6129,-0.0075,0.4162,0.1664,0.368,96.7,84.9,109.9,125.5
471,"Indiv471",20626.08696,10191.30435,109,4.65,0.9894,4.2097,0.6141,0.606,0.0041,0.3704,0.1472,0.3589,83,81.1,96.1,109.7
472,"Indiv472",20626.08696,9147.826087,96,4.6,0.9787,4.1816,0.61,0.6057,-0.0034,0.4284,0.2026,0.3268,67.1,69.9,76.9,89.1
473,"Indiv473",20626.08696,8104.347826,72,4.55,0.9681,4.1424,0.6038,0.6007,-0.0055,0.3676,0.1895,0.3617,48,48.1,55.4,69.4
474,"Indiv474",20626.08696,7060.869565,46,4.4,0.9362,4.1275,0.6001,0.5935,0,0.4024,0.2176,0.3804,51.3,46.9,54,58.7
475,"Indiv475",20626.08696,6017.391304,31,4.2,0.8936,4.035,0.6037,0.6097,-0.0162,0.3751,0.166,0.3806,36.6,43.8,43.4,47.4
476,"Indiv476",20626.08696,4973.913043,22,3.95,0.8404,3.9169,0.6069,0.625,,0.3913,0.1612,0.3909,27,23.3,28.8,28.8
477,"Indiv477",20626.08696,3930.434783,13,,,,,,,,,,,,,
478,"Indiv478",20626.08696,2886.956522,10,,,,,,,,,,,,,
479,"Indiv479",20626.08696,1843.478261,11,,,,,,,,,,,,,
480,"Indiv480",20626.08696,800,11,,,,,,,,,,,,,
481,"Indiv481",21669.56522,24800,47,4.55,0.9681,4.2083,0.5999,0.6,-0.0078,0.4999,0.1754,0.3114,68.5,85.3,85.1,88.5
482,"Indiv482",21669.56522,23756.52174,69,4.6,0.9787,4.2187,0.6018,0.6087,-0.0241,0.4894,0.1486,0.2907,82.4,101.4,119.9,117.9
483,"Indiv483",21669.56522,22713.04348,76,4.6,0.9787,4.2191,0.607,0.6158,-0.0251,0.48,0.1794,0.2778,69.7,86,90.2,102.5
484,"Indiv484",21669.56522,21669.56522,77,4.6,0.9787,4.195,0.6043,0.6123,-0.0229,0.4719,0.2175,0.2667,71,82.7,106,111.9
485,"Indiv485",21669.56522,20626.08696,84,4.6,0.9787,4.1523,0.6082,0.6113,-0.0147,0.4711,0.1912,0.2825,91.1,98.1,101.4,119.8
486,"Indiv486",21669.56522,19582.6087,90,4.55,0.9681,4.1603,0.6108,0.6122,-0.0106,0.4594,0.1437,0.3078,95.1,100.5,124.6,137.4
487,"Indiv487",21669.56522,18539.13043,93,4.65,0.9894,4.1922,0.606,0.6113,-0.0182,0.5098,0.2482,0.2962,96.8,102.7,118.8,155.9
488,"Indiv488",21669.56522,17495.65217,98,4.65,0.9894,4.2005,0.6077,0.6082,-0.0117,0.4387,0.2328,0.3276,101.2,100.7,115.8,138.9
489,"Indiv489",21669.56522,16452.17391,111,4.65,0.9894,4.1943,0.6076,0.6004,0.0018,0.4306,0.2299,0.3602,107.8,103.7,115.3,146.8
490,"Indiv490",21669.56522,15408.69565,109,4.65,0.9894,4.1813,0.6073,0.5986,0.0036,0.4172,0.1921,0.3712,93.6,94.3,105.2,138.5
491,"Indiv491",21669.56522,14365.21739,107,4.65,0.9894,4.1802,0.609,0.6037,-0.0021,0.4397,0.2044,0.3215,86.3,87.4,98.7,132.1
492,"Indiv492",21669.56522,13321.73913,110,4.65,0.9894,4.1968,0.6127,0.6036,0.0034,0.4262,0.2118,0.3792,89.2,88.3,113.2,125.9
493,"Indiv493",21669.56522,12278.26087,113,4.65,0.9894,4.1953,0.6149,0.604,0.0075,0.4167,0.2212,0.3853,80.6,80.8,100.2,113.4
494,"Indiv494",21669.56522,11234.78261,111,4.65,0.9894,4.188,0.6129,0.605,0.0036,0.4118,0.1525,0.4007,94.5,86.4,107.3,122.1
495,"Indiv495",21669.56522,10191.30435,107,4.6,0.9787,4.197,0.6131,0.6066,7e-04,0.3946,0.1203,0.3518,84.3,82.1,95.4,104.6
496,"Indiv496",21669.56522,9147.826087,89,4.55,0.9681,4.1518,0.607,0.6039,-0.0059,0.3949,0.1414,0.3673,67.4,64.1,71.7,84.7
497,"Indiv497",21669.56522,8104.347826,73,4.55,0.9681,4.1433,0.6064,0.6055,-0.0096,0.359,0.1854,0.3173,55.4,52.4,57.2,75.5
498,"Indiv498",21669.56522,7060.869565,57,4.4,0.9362,4.133,0.6078,0.5912,0.0114,0.3592,0.1059,0.3889,55.8,52.4,54.6,62.8
499,"Indiv499",21669.56522,6017.391304,45,4.35,0.9255,4.1007,0.6062,0.5911,0.0128,0.4328,0.2075,0.377,58.9,53.5,55.3,67.7
500,"Indiv500",21669.56522,4973.913043,39,4.35,0.9255,4.127,0.6131,0.6051,0.0014,0.3815,0.1582,0.3999,51.2,45.8,49.1,58.6
501,"Indiv501",21669.56522,3930.434783,13,,,,,,,,,,,,,
502,"Indiv502",21669.56522,2886.956522,9,,,,,,,,,,,,,
503,"Indiv503",21669.56522,1843.478261,12,,,,,,,,,,,,,
504,"Indiv504",21669.56522,800,10,,,,,,,,,,,,,
505,"Indiv505",22713.04348,24800,55,4.6,0.9787,4.2139,0.6021,0.6027,-0.011,0.5145,0.1604,0.3074,74.4,83.7,85.7,93.7
506,"Indiv506",22713.04348,23756.52174,57,4.6,0.9787,4.206,0.6018,0.6035,-0.0133,0.522,0.1401,0.3284,77.3,84,91.9,92.8
507,"Indiv507",22713.04348,22713.04348,61,4.6,0.9787,4.1906,0.6048,0.6058,-0.0127,0.5257,0.1992,0.3042,67.7,74.7,88.6,94.8
508,"Indiv508",22713.04348,21669.56522,68,4.55,0.9681,4.1616,0.6046,0.6125,-0.0236,0.4775,0.1009,0.298,84.9,82.3,105.9,122.6
509,"Indiv509",22713.04348,20626.08696,77,4.55,0.9681,4.1452,0.6071,0.613,-0.0188,0.4778,0.1542,0.2707,109.5,104.7,111.8,139.4
510,"Indiv510",22713.04348,19582.6087,77,4.4,0.9362,4.1218,0.6081,0.6169,-0.0228,0.5086,0.1594,0.2572,87.1,93.7,102.2,115.7
511,"Indiv511",22713.04348,18539.13043,59,4.4,0.9362,4.1181,0.6088,0.6237,-0.0313,0.5576,0.2838,0.3402,70.4,71.1,84.5,97.1
512,"Indiv512",22713.04348,17495.65217,90,4.65,0.9894,4.2098,0.6076,0.6094,-0.0136,0.4564,0.2181,0.2917,113.1,110.8,130.6,157.6
513,"Indiv513",22713.04348,16452.17391,99,4.65,0.9894,4.2062,0.6097,0.6071,-0.0048,0.444,0.2515,0.3838,100.9,97,113.2,136.6
514,"Indiv514",22713.04348,15408.69565,95,4.65,0.9894,4.2065,0.6071,0.6005,0.0016,0.4183,0.2261,0.291,82.1,86,96.2,122.2
515,"Indiv515",22713.04348,14365.21739,89,4.65,0.9894,4.1593,0.6076,0.6028,-0.0034,0.4139,0.2337,0.3264,67.4,68.2,72.4,111.3
516,"Indiv516",22713.04348,13321.73913,86,4.65,0.9894,4.1589,0.6081,0.6,0.001,0.3967,0.1259,0.4014,63.3,61.8,66.6,85.6
517,"Indiv517",22713.04348,12278.26087,83,4.55,0.9681,4.1528,0.6082,0.6036,-0.0045,0.4402,0.1743,0.3415,55.6,55.7,67.3,79.5
518,"Indiv518",22713.04348,11234.78261,83,4.55,0.9681,4.1497,0.6089,0.6084,-0.0111,0.4218,0.2139,0.305,69.8,65.9,77.2,87.2
519,"Indiv519",22713.04348,10191.30435,90,4.6,0.9787,4.1606,0.6093,0.6072,-0.0093,0.3807,0.2447,0.3017,77,77.9,91.9,104.7
520,"Indiv520",22713.04348,9147.826087,76,4.55,0.9681,4.1456,0.6056,0.6033,-0.0067,0.3564,0.1708,0.3351,52,53.5,57.9,77
521,"Indiv521",22713.04348,8104.347826,65,4.45,0.9468,4.1326,0.6044,0.5977,-0.0022,0.3705,0.1348,0.3229,49.9,49.5,52.7,63.7
522,"Indiv522",22713.04348,7060.869565,58,4.4,0.9362,4.1433,0.6086,0.5914,0.0129,0.4029,0.1333,0.3779,65.7,50.8,52.5,64
523,"Indiv523",22713.04348,6017.391304,50,4.4,0.9362,4.135,0.6041,0.591,0.0091,0.4436,0.1576,0.4184,67,53.6,69.4,75.2
524,"Indiv524",22713.04348,4973.913043,31,4.2,0.8936,4.0388,0.6083,0.6081,,0.3743,0.1364,0.3612,57.4,51.4,53,58
525,"Indiv525",22713.04348,3930.434783,13,,,,,,,,,,,,,
526,"Indiv526",22713.04348,2886.956522,10,,,,,,,,,,,,,
527,"Indiv527",22713.04348,1843.478261,9,,,,,,,,,,,,,
528,"Indiv528",22713.04348,800,9,,,,,,,,,,,,,
529,"Indiv529",23756.52174,24800,50,4.55,0.9681,4.1832,0.5985,0.603,-0.0168,0.5088,0.1476,0.3248,64.3,81.9,103.4,106.2
530,"Indiv530",23756.52174,23756.52174,50,4.5,0.9574,4.1633,0.5996,0.609,-0.0238,0.476,0.1609,0.2984,67.5,82,104.2,100.4
531,"Indiv531",23756.52174,22713.04348,45,4.4,0.9362,4.0588,0.5998,0.61,-0.0288,0.5343,0.1532,0.322,42.7,44.1,55.4,69.8
532,"Indiv532",23756.52174,21669.56522,54,4.45,0.9468,4.1202,0.6003,0.6111,-0.0289,0.4704,0.0635,0.2904,53.7,48.8,54.3,72.4
533,"Indiv533",23756.52174,20626.08696,63,4.45,0.9468,4.0845,0.6034,0.6159,-0.0307,0.4751,0.0885,0.2497,70.8,67.8,73.9,92.3
534,"Indiv534",23756.52174,19582.6087,64,4.4,0.9362,4.0865,0.6056,0.6156,-0.0241,0.5358,0.1868,0.252,94.1,91.2,108,121.2
535,"Indiv535",23756.52174,18539.13043,75,4.55,0.9681,4.1819,0.6071,0.614,-0.0205,0.5006,0.2299,0.361,82.3,86,101.5,124.8
536,"Indiv536",23756.52174,17495.65217,80,4.65,0.9894,4.2206,0.6079,0.6131,-0.0181,0.5019,0.2591,0.2814,91.4,96.8,113.1,149.1
537,"Indiv537",23756.52174,16452.17391,83,4.65,0.9894,4.2047,0.6097,0.6115,-0.0129,0.4654,0.2066,0.318,99.1,98.2,121.2,158.7
538,"Indiv538",23756.52174,15408.69565,64,4.6,0.9787,4.1646,0.6117,0.6203,-0.0248,0.4811,0.2591,0.3072,75.5,70.8,79.4,116.9
539,"Indiv539",23756.52174,14365.21739,61,4.6,0.9787,4.1528,0.6023,0.5992,-0.0036,0.5007,0.2749,0.376,53.1,58.3,69.4,100.1
540,"Indiv540",23756.52174,13321.73913,71,4.55,0.9681,4.1716,0.607,0.6007,1e-04,0.468,0.2081,0.3854,46.8,44.6,54.8,64.6
541,"Indiv541",23756.52174,12278.26087,70,4.55,0.9681,4.1505,0.6072,0.6036,-0.01,0.3924,0.1472,0.2926,52.7,51.8,63,73.4
542,"Indiv542",23756.52174,11234.78261,80,4.55,0.9681,4.1486,0.6096,0.6075,-0.008,0.4041,0.2159,0.3745,58.4,55.9,66.2,76.7
543,"Indiv543",23756.52174,10191.30435,73,4.55,0.9681,4.1496,0.6079,0.6061,-0.0084,0.4155,0.1882,0.3323,68.7,60.3,73,84.5
544,"Indiv544",23756.52174,9147.826087,72,4.55,0.9681,4.1445,0.6038,0.6014,-0.0076,0.3567,0.163,0.3326,49.2,50.9,57.4,72.9
545,"Indiv545",23756.52174,8104.347826,65,4.45,0.9468,4.1301,0.6033,0.5985,-0.0052,0.3521,0.1456,0.3102,54.4,49.9,53.7,64.8
546,"Indiv546",23756.52174,7060.869565,43,4.3,0.9149,4.0702,0.599,0.5895,,0.3506,0.0868,0.3662,63.3,49.3,59.3,60.2
547,"Indiv547",23756.52174,6017.391304,39,4.35,0.9255,4.1098,0.6022,0.6013,-0.0082,0.3447,0.0876,0.3651,40.6,43,52.7,56.7
548,"Indiv548",23756.52174,4973.913043,29,4.15,0.883,4.0244,0.6032,0.6103,,0.3779,0.1903,0.2849,47.3,41.6,43.4,48
549,"Indiv549",23756.52174,3930.434783,16,,,,,,,,,,,,,
550,"Indiv550",23756.52174,2886.956522,9,,,,,,,,,,,,,
551,"Indiv551",23756.52174,1843.478261,10,,,,,,,,,,,,,
552,"Indiv552",23756.52174,800,6,,,,,,,,,,,,,
553,"Indiv553",24800,24800,44,4.5,0.9574,4.1774,0.5976,0.6011,-0.0168,0.5347,0.1481,0.2963,58.8,66,81.2,90.9
554,"Indiv554",24800,23756.52174,36,4.45,0.9468,4.1839,0.6023,0.6111,-0.0256,0.5425,0.1319,0.3527,39.5,44.4,53.3,60.5
555,"Indiv555",24800,22713.04348,25,4.25,0.9043,4.1396,0.5968,0.618,-0.0376,0.5414,0.2396,0.3475,29.7,35.6,54.6,54.6
556,"Indiv556",24800,21669.56522,34,4.3,0.9149,4.0629,0.6006,0.6235,-0.044,0.5631,0.1894,0.3621,40.3,44.8,52.2,65.6
557,"Indiv557",24800,20626.08696,50,4.4,0.9362,4.1198,0.6051,0.622,-0.0367,0.4845,0.1619,0.267,57.3,52.5,70.4,74.9
558,"Indiv558",24800,19582.6087,59,4.4,0.9362,4.1478,0.6128,0.6212,-0.0219,0.5207,0.094,0.3355,96.4,94.9,112,133.7
559,"Indiv559",24800,18539.13043,54,4.4,0.9362,4.1202,0.6125,0.6296,-0.0359,0.5233,0.2275,0.3252,69.9,73.8,83.3,100.4
560,"Indiv560",24800,17495.65217,66,4.55,0.9681,4.1997,0.6123,0.6182,-0.0199,0.4666,0.2328,0.3204,97.6,100.5,114.9,142.2
561,"Indiv561",24800,16452.17391,64,4.55,0.9681,4.1698,0.612,0.6156,-0.0165,0.4584,0.2343,0.2956,85.3,92.2,100.9,140.9
562,"Indiv562",24800,15408.69565,30,4.1,0.8723,4.0178,0.6252,0.6467,-0.0457,0.5152,0.2433,0.3267,80.5,77.4,77.4,94.5
563,"Indiv563",24800,14365.21739,20,4.05,0.8617,4.05,0.5998,0.61,-0.0322,0.4792,0.2147,0.3513,66.1,90.2,143.7,143.7
564,"Indiv564",24800,13321.73913,43,4.6,0.9787,4.1803,0.6035,0.5919,0.0087,0.4454,0.2799,0.4165,51.9,63.5,72.5,118.6
565,"Indiv565",24800,12278.26087,54,4.55,0.9681,4.1764,0.6064,0.5981,-0.0027,0.4289,0.0944,0.3194,49.9,54.1,60.9,74.2
566,"Indiv566",24800,11234.78261,45,4.45,0.9468,4.1819,0.6015,0.5911,0.0016,0.4344,0.1399,0.344,50.5,49.7,57.8,63.8
567,"Indiv567",24800,10191.30435,38,4.45,0.9468,4.1657,0.5971,0.5816,0.0072,0.4812,0.1666,0.3409,62.9,63.4,64.7,85.5
568,"Indiv568",24800,9147.826087,43,4.4,0.9362,4.133,0.5984,0.5826,0.0088,0.4389,0.1985,0.3788,42.3,40,49.2,56
569,"Indiv569",24800,8104.347826,47,4.4,0.9362,4.1454,0.5993,0.583,0.0119,0.4298,0.1665,0.3851,43.9,44,51.6,56.4
570,"Indiv570",24800,7060.869565,42,4.3,0.9149,4.0764,0.6002,0.5928,,0.3664,0.0897,0.3637,59.6,50.2,56.8,57.8
571,"Indiv571",24800,6017.391304,30,4.25,0.9043,4.0897,0.5952,0.595,,0.4244,0.143,0.2946,37.9,41.8,46,46.6
572,"Indiv572",24800,4973.913043,18,,,,,,,,,,,,,
573,"Indiv573",24800,3930.434783,9,,,,,,,,,,,,,
574,"Indiv574",24800,2886.956522,6,,,,,,,,,,,,,
575,"Indiv575",24800,1843.478261,6,,,,,,,,,,,,,
576,"Indiv576",24800,800,5,,,,,,,,,,,,,
