ID,X,Y,N,A,Ap,Ar,He,Ho,FIS,NS_ex0pct,NS_ex2pct,NS_ex5pct,NS_ex10pct
Indiv_1,800,24800,30,4.05,0.861702128,3.963498099,0.5657,0.57505,,17.5,15.9,13.6,15.9
Indiv_2,800,23756.52174,27,4.05,0.861702128,3.984929955,0.56875,0.57055,,16.7,13.8,12.3,14.6
Indiv_3,800,22713.04348,26,4.05,0.861702128,3.993148715,0.5676,0.56725,,15.3,12.5,11.5,13.4
Indiv_4,800,21669.56522,23,4.05,0.861702128,4.008083027,0.55505,0.5653,,15.5,13.6,11.8,15.5
Indiv_5,800,20626.08696,23,4.1,0.872340426,4.0572923,0.55465,0.5588,,25.1,20.5,21.3,25.1
Indiv_6,800,19582.6087,14,,,,,,,,,,
Indiv_7,800,18539.13043,7,,,,,,,,,,
Indiv_8,800,17495.65217,7,,,,,,,,,,
Indiv_9,800,16452.17391,7,,,,,,,,,,
Indiv_10,800,15408.69565,9,,,,,,,,,,
Indiv_11,800,14365.21739,9,,,,,,,,,,
Indiv_12,800,13321.73913,10,,,,,,,,,,
Indiv_13,800,12278.26087,11,,,,,,,,,,
Indiv_14,800,11234.78261,18,,,,,,,,,,
Indiv_15,800,10191.30435,25,4.35,0.925531915,4.246522558,0.60825,0.598,0.02325,29.5,21.6,20.8,29.5
Indiv_16,800,9147.826087,24,4.4,0.936170213,4.299525089,0.61355,0.60635,0.01605,23.2,18.8,17.6,23.2
Indiv_17,800,8104.347826,20,4.25,0.904255319,4.25,0.6086,0.6,0.00425,28.9,25.5,27.1,28.9
Indiv_18,800,7060.869565,15,,,,,,,,,,
Indiv_19,800,6017.391304,12,,,,,,,,,,
Indiv_20,800,4973.913043,9,,,,,,,,,,
Indiv_21,800,3930.434783,8,,,,,,,,,,
Indiv_22,800,2886.956522,9,,,,,,,,,,
Indiv_23,800,1843.478261,9,,,,,,,,,,
Indiv_24,800,800,6,,,,,,,,,,
Indiv_25,1843.478261,24800,31,4,0.85106383,3.880879586,0.56885,0.5854,,18.3,15.6,14,16.1
Indiv_26,1843.478261,23756.52174,27,4,0.85106383,3.91612839,0.56825,0.5835,,16,13.8,12.6,13.9
Indiv_27,1843.478261,22713.04348,33,4.2,0.893617021,4.073781476,0.5724,0.5758,,21.3,18.8,16.3,21
Indiv_28,1843.478261,21669.56522,29,4.15,0.882978723,4.051062673,0.5681,0.57075,,20.4,16.2,15.1,18.1
Indiv_29,1843.478261,20626.08696,26,4.05,0.861702128,3.983305649,0.56445,0.5692,,14.1,11.8,11.7,12.4
Indiv_30,1843.478261,19582.6087,14,,,,,,,,,,
Indiv_31,1843.478261,18539.13043,10,,,,,,,,,,
Indiv_32,1843.478261,17495.65217,10,,,,,,,,,,
Indiv_33,1843.478261,16452.17391,11,,,,,,,,,,
Indiv_34,1843.478261,15408.69565,11,,,,,,,,,,
Indiv_35,1843.478261,14365.21739,13,,,,,,,,,,
Indiv_36,1843.478261,13321.73913,13,,,,,,,,,,
Indiv_37,1843.478261,12278.26087,15,,,,,,,,,,
Indiv_38,1843.478261,11234.78261,23,4.25,0.904255319,4.180858694,0.6072,0.61525,-0.00955,39,29.2,35.4,39
Indiv_39,1843.478261,10191.30435,32,4.45,0.946808511,4.295909123,0.6187,0.6063,0.02505,42.7,31.9,32.2,36.8
Indiv_40,1843.478261,9147.826087,37,4.45,0.946808511,4.2797821,0.61625,0.58655,0.0552,31.2,27.2,30.2,29.4
Indiv_41,1843.478261,8104.347826,35,4.45,0.946808511,4.249569464,0.61175,0.60285,0.0186,30.4,24.3,24.5,26.1
Indiv_42,1843.478261,7060.869565,27,4.4,0.936170213,4.283689947,0.61675,0.6002,0.02705,23.8,21.3,23.8,20.3
Indiv_43,1843.478261,6017.391304,17,,,,,,,,,,
Indiv_44,1843.478261,4973.913043,17,,,,,,,,,,
Indiv_45,1843.478261,3930.434783,15,,,,,,,,,,
Indiv_46,1843.478261,2886.956522,15,,,,,,,,,,
Indiv_47,1843.478261,1843.478261,14,,,,,,,,,,
Indiv_48,1843.478261,800,11,,,,,,,,,,
Indiv_49,2886.956522,24800,33,4.1,0.872340426,3.990690377,0.57855,0.5879,,17.6,15.9,15.4,16.2
Indiv_50,2886.956522,23756.52174,35,4.1,0.872340426,3.976018467,0.58125,0.58705,,20.1,18.4,18.1,18.6
Indiv_51,2886.956522,22713.04348,33,4.1,0.872340426,3.990690377,0.57855,0.5879,,17.6,15.9,15.4,16.2
Indiv_52,2886.956522,21669.56522,30,4.15,0.882978723,4.040585554,0.573,0.58,,20.2,16.1,15.2,19.6
Indiv_53,2886.956522,20626.08696,26,4.05,0.861702128,3.983044671,0.5603,0.55385,,15.6,13.4,12,13.7
Indiv_54,2886.956522,19582.6087,15,,,,,,,,,,
Indiv_55,2886.956522,18539.13043,11,,,,,,,,,,
Indiv_56,2886.956522,17495.65217,14,,,,,,,,,,
Indiv_57,2886.956522,16452.17391,10,,,,,,,,,,
Indiv_58,2886.956522,15408.69565,11,,,,,,,,,,
Indiv_59,2886.956522,14365.21739,11,,,,,,,,,,
Indiv_60,2886.956522,13321.73913,14,,,,,,,,,,
Indiv_61,2886.956522,12278.26087,24,4.45,0.946808511,4.316667829,0.59445,0.6021,-0.0076,51.6,26.7,26.5,51.6
Indiv_62,2886.956522,11234.78261,38,4.55,0.968085106,4.307237386,0.6133,0.6,0.0343,43.9,31.6,41.6,38.4
Indiv_63,2886.956522,10191.30435,44,4.5,0.957446809,4.279757015,0.61185,0.5852,0.05065,40.1,35.2,36.6,39.1
Indiv_64,2886.956522,9147.826087,43,4.5,0.957446809,4.292687209,0.6151,0.5895,0.04995,35.3,29,33.3,33.6
Indiv_65,2886.956522,8104.347826,42,4.45,0.946808511,4.263327153,0.6144,0.5952,0.03665,30.4,27.4,28.3,29.7
Indiv_66,2886.956522,7060.869565,26,4.3,0.914893617,4.219925012,0.61045,0.6,0.0077,23.9,23.1,22.2,21.7
Indiv_67,2886.956522,6017.391304,17,,,,,,,,,,
Indiv_68,2886.956522,4973.913043,19,,,,,,,,,,
Indiv_69,2886.956522,3930.434783,18,,,,,,,,,,
Indiv_70,2886.956522,2886.956522,15,,,,,,,,,,
Indiv_71,2886.956522,1843.478261,15,,,,,,,,,,
Indiv_72,2886.956522,800,12,,,,,,,,,,
Indiv_73,3930.434783,24800,25,4,0.85106383,3.935043592,0.5617,0.58,,20.1,18.3,14.3,20.1
Indiv_74,3930.434783,23756.52174,41,4.15,0.882978723,3.994493565,0.5863,0.5854,,27.8,24.4,23.6,24.7
Indiv_75,3930.434783,22713.04348,38,4.1,0.872340426,3.97082181,0.5839,0.58805,,23.4,23,20.7,21.7
Indiv_76,3930.434783,21669.56522,41,4.1,0.872340426,3.962934725,0.5826,0.57435,,23.7,21.1,20,21.9
Indiv_77,3930.434783,20626.08696,28,4.05,0.861702128,3.947027922,0.57775,0.566,,17.3,16.3,13.5,17.6
Indiv_78,3930.434783,19582.6087,11,,,,,,,,,,
Indiv_79,3930.434783,18539.13043,9,,,,,,,,,,
Indiv_80,3930.434783,17495.65217,12,,,,,,,,,,
Indiv_81,3930.434783,16452.17391,12,,,,,,,,,,
Indiv_82,3930.434783,15408.69565,18,,,,,,,,,,
Indiv_83,3930.434783,14365.21739,16,,,,,,,,,,
Indiv_84,3930.434783,13321.73913,36,4.45,0.946808511,4.239098056,0.6087,0.5958,0.0276,109.8,61.4,56.6,105
Indiv_85,3930.434783,12278.26087,49,4.6,0.978723404,4.272507631,0.61395,0.601,0.0277,65.2,43,37.4,57.2
Indiv_86,3930.434783,11234.78261,50,4.55,0.968085106,4.298735884,0.62005,0.597,0.0432,62.6,51.1,47.4,55.6
Indiv_87,3930.434783,10191.30435,64,4.55,0.968085106,4.29375162,0.6177,0.60935,0.01995,61,48,49.4,55.5
Indiv_88,3930.434783,9147.826087,63,4.55,0.968085106,4.298649009,0.61885,0.60465,0.02875,60.4,46.6,46.6,53.7
Indiv_89,3930.434783,8104.347826,42,4.5,0.957446809,4.289806944,0.61445,0.5822,0.06095,37.7,31.6,37.1,35.2
Indiv_90,3930.434783,7060.869565,31,4.4,0.936170213,4.26294418,0.62045,0.60645,0.0266,26.2,21.7,22.1,24.4
Indiv_91,3930.434783,6017.391304,21,4,0.85106383,3.985307782,0.59945,0.59285,,28.8,23.5,27.1,28.8
Indiv_92,3930.434783,4973.913043,19,,,,,,,,,,
Indiv_93,3930.434783,3930.434783,16,,,,,,,,,,
Indiv_94,3930.434783,2886.956522,15,,,,,,,,,,
Indiv_95,3930.434783,1843.478261,12,,,,,,,,,,
Indiv_96,3930.434783,800,11,,,,,,,,,,
Indiv_97,4973.913043,24800,28,4.2,0.893617021,4.084294724,0.5758,0.566,,28.1,22.5,20.2,23.8
Indiv_98,4973.913043,23756.52174,48,4.3,0.914893617,4.085801882,0.59585,0.5834,0.01595,30.5,26.5,24.1,26.7
Indiv_99,4973.913043,22713.04348,61,4.45,0.946808511,4.152545636,0.599,0.5902,0.01005,38.5,33.5,26.6,35
Indiv_100,4973.913043,21669.56522,57,4.45,0.946808511,4.168228045,0.6009,0.58685,0.01895,40.6,34.9,28,37
Indiv_101,4973.913043,20626.08696,21,4.05,0.861702128,4.035481998,0.5903,0.5738,,20.9,19.8,13.4,20.9
Indiv_102,4973.913043,19582.6087,9,,,,,,,,,,
Indiv_103,4973.913043,18539.13043,9,,,,,,,,,,
Indiv_104,4973.913043,17495.65217,12,,,,,,,,,,
Indiv_105,4973.913043,16452.17391,22,4.25,0.904255319,4.219462472,0.5911,0.57035,0.02465,32,28.8,27.1,32
Indiv_106,4973.913043,15408.69565,42,4.45,0.946808511,4.275741921,0.6136,0.5832,0.044,66.2,54.7,52.3,66.2
Indiv_107,4973.913043,14365.21739,59,4.5,0.957446809,4.264116702,0.62365,0.60085,0.04255,122.7,95.9,99.4,106
Indiv_108,4973.913043,13321.73913,73,4.6,0.978723404,4.288925752,0.62435,0.61525,0.01655,99,77,90.8,86.3
Indiv_109,4973.913043,12278.26087,70,4.6,0.978723404,4.283878452,0.62135,0.6208,0.003,105,86.1,92.9,90.1
Indiv_110,4973.913043,11234.78261,55,4.6,0.978723404,4.313792119,0.6187,0.59905,0.03785,66.4,51.6,47.5,55.9
Indiv_111,4973.913043,10191.30435,66,4.55,0.968085106,4.30642833,0.61945,0.60985,0.0187,57.6,48.6,46.1,51.5
Indiv_112,4973.913043,9147.826087,63,4.55,0.968085106,4.295204762,0.61955,0.6095,0.02105,62.3,52,48.3,56.7
Indiv_113,4973.913043,8104.347826,40,4.45,0.946808511,4.280980549,0.6176,0.58375,0.0605,34.8,26.9,25.2,31.2
Indiv_114,4973.913043,7060.869565,45,4.5,0.957446809,4.290183891,0.6237,0.6145,0.01885,31.1,28.6,28.7,30.7
Indiv_115,4973.913043,6017.391304,28,4.25,0.904255319,4.170508975,0.6173,0.60885,0.0204,28.7,24.5,24.5,28.7
Indiv_116,4973.913043,4973.913043,24,4.1,0.872340426,4.045987139,0.5989,0.6021,-0.01245,27.1,18.7,21.4,27.1
Indiv_117,4973.913043,3930.434783,26,4.05,0.861702128,3.967947794,0.6064,0.59995,0.0047,44.9,29.2,24.8,35.6
Indiv_118,4973.913043,2886.956522,19,,,,,,,,,,
Indiv_119,4973.913043,1843.478261,11,,,,,,,,,,
Indiv_120,4973.913043,800,7,,,,,,,,,,
Indiv_121,6017.391304,24800,53,4.5,0.957446809,4.217585585,0.5975,0.6086,-0.01975,53.6,46.4,42.2,49.1
Indiv_122,6017.391304,23756.52174,52,4.45,0.946808511,4.179397,0.5982,0.58945,0.0114,45.8,37.1,31.7,41.7
Indiv_123,6017.391304,22713.04348,85,4.65,0.989361702,4.273851301,0.6116,0.607,0.0013,49.2,44.4,44,44.4
Indiv_124,6017.391304,21669.56522,72,4.55,0.968085106,4.246229903,0.6117,0.6118,-0.0069,51.3,47.4,49.2,46.3
Indiv_125,6017.391304,20626.08696,41,4.4,0.936170213,4.203120593,0.60445,0.5854,0.026,48.4,45.7,34.9,46.9
Indiv_126,6017.391304,19582.6087,9,,,,,,,,,,
Indiv_127,6017.391304,18539.13043,9,,,,,,,,,,
Indiv_128,6017.391304,17495.65217,16,,,,,,,,,,
Indiv_129,6017.391304,16452.17391,57,4.5,0.957446809,4.226311786,0.6188,0.6053,0.0264,91.9,68.1,63.3,82.5
Indiv_130,6017.391304,15408.69565,89,4.55,0.968085106,4.256540461,0.6233,0.6074,0.0266,99,75.4,71,86.6
Indiv_131,6017.391304,14365.21739,97,4.65,0.989361702,4.271516528,0.62395,0.60985,0.02225,116.2,86.6,81.2,99
Indiv_132,6017.391304,13321.73913,78,4.6,0.978723404,4.273684678,0.6238,0.61665,0.01285,112.6,87.3,81.1,90
Indiv_133,6017.391304,12278.26087,94,4.7,1,4.297304654,0.6242,0.6181,0.0084,104.2,95.1,94,93.1
Indiv_134,6017.391304,11234.78261,83,4.65,0.989361702,4.286909216,0.6204,0.6109,0.0138,99.7,88.1,106,91.2
Indiv_135,6017.391304,10191.30435,80,4.7,1,4.318453057,0.61925,0.6082,0.01665,81.4,80,80.6,75.7
Indiv_136,6017.391304,9147.826087,62,4.6,0.978723404,4.288284616,0.62135,0.60085,0.04375,77.8,71.6,74.4,66.7
Indiv_137,6017.391304,8104.347826,55,4.55,0.968085106,4.256300847,0.6216,0.5999,0.04565,49.6,47,48.7,47.9
Indiv_138,6017.391304,7060.869565,56,4.55,0.968085106,4.267733352,0.6257,0.6134,0.02585,41.9,44.8,63.2,44
Indiv_139,6017.391304,6017.391304,42,4.25,0.904255319,4.112558806,0.6189,0.612,0.015,44.6,44.6,42.7,44.7
Indiv_140,6017.391304,4973.913043,39,4.15,0.882978723,4.037426965,0.6085,0.58725,0.038,44.6,50.7,45.4,52.3
Indiv_141,6017.391304,3930.434783,35,4.3,0.914893617,4.15433048,0.614,0.597,0.02665,48.9,44.7,41.9,50.6
Indiv_142,6017.391304,2886.956522,35,4.2,0.893617021,4.091031129,0.61585,0.61005,0.00855,35.6,33,28.1,35.9
Indiv_143,6017.391304,1843.478261,19,,,,,,,,,,
Indiv_144,6017.391304,800,9,,,,,,,,,,
Indiv_145,7060.869565,24800,75,4.65,0.989361702,4.329396623,0.6129,0.6141,-0.00865,77.3,72.5,82.8,69.9
Indiv_146,7060.869565,23756.52174,66,4.6,0.978723404,4.314402895,0.61025,0.60835,-0.0026,64.1,60.9,57.4,56.9
Indiv_147,7060.869565,22713.04348,102,4.65,0.989361702,4.311480713,0.6173,0.61865,-0.00635,68.7,66.1,61.8,62.8
Indiv_148,7060.869565,21669.56522,108,4.65,0.989361702,4.30714048,0.61905,0.6222,-0.00815,78.4,76.3,77.2,72
Indiv_149,7060.869565,20626.08696,79,4.6,0.978723404,4.298661517,0.6153,0.6114,0.00335,58,54.9,52.1,53.5
Indiv_150,7060.869565,19582.6087,39,4.4,0.936170213,4.276846908,0.61115,0.60775,-0.00395,67.1,59.1,47.8,64.7
Indiv_151,7060.869565,18539.13043,45,4.45,0.946808511,4.257774313,0.62695,0.6256,-0.00305,151,124.6,113.4,144.7
Indiv_152,7060.869565,17495.65217,71,4.6,0.978723404,4.258552487,0.6243,0.6275,-0.0088,138.4,92.7,90.2,115.4
Indiv_153,7060.869565,16452.17391,84,4.6,0.978723404,4.264210896,0.6241,0.6143,0.0153,133.8,98.9,100.9,114.5
Indiv_154,7060.869565,15408.69565,104,4.6,0.978723404,4.277881466,0.62135,0.61575,0.0106,120.6,100.6,90.4,108.2
Indiv_155,7060.869565,14365.21739,114,4.65,0.989361702,4.285223359,0.6211,0.6157,0.00895,119.8,96,89.6,105.4
Indiv_156,7060.869565,13321.73913,91,4.6,0.978723404,4.257625397,0.6221,0.61575,0.01015,103.2,78.3,78,88.1
Indiv_157,7060.869565,12278.26087,99,4.7,1,4.304066693,0.6248,0.62635,-0.00385,115,106.3,118.5,104.8
Indiv_158,7060.869565,11234.78261,102,4.7,1,4.299632077,0.62465,0.6246,0.0023,97.4,99.3,123,92.8
Indiv_159,7060.869565,10191.30435,102,4.7,1,4.291137904,0.62495,0.6186,0.01195,90.1,92.8,103,87.3
Indiv_160,7060.869565,9147.826087,77,4.65,0.989361702,4.289320383,0.6208,0.6102,0.0219,77.4,79.2,87.2,65.9
Indiv_161,7060.869565,8104.347826,75,4.65,0.989361702,4.274338681,0.62315,0.6153,0.0187,67,75.9,76.7,62.5
Indiv_162,7060.869565,7060.869565,71,4.5,0.957446809,4.207206155,0.62205,0.61975,0.0082,75.6,66.2,86.5,68.8
Indiv_163,7060.869565,6017.391304,58,4.4,0.936170213,4.129610587,0.6191,0.61475,0.00695,72.2,81,125.3,77.5
Indiv_164,7060.869565,4973.913043,44,4.3,0.914893617,4.123864767,0.6181,0.60905,0.01365,50.2,55,63.3,49.3
Indiv_165,7060.869565,3930.434783,41,4.3,0.914893617,4.122822127,0.61105,0.59515,0.0267,40.9,36.3,31.3,42.3
Indiv_166,7060.869565,2886.956522,40,4.3,0.914893617,4.128794664,0.61075,0.60375,0.0096,31.6,28.2,25.7,31
Indiv_167,7060.869565,1843.478261,24,3.95,0.840425532,3.917042186,0.6006,0.6021,-0.01245,61.1,62.2,46.7,61.1
Indiv_168,7060.869565,800,12,,,,,,,,,,
Indiv_169,8104.347826,24800,84,4.65,0.989361702,4.335655013,0.61605,0.6196,-0.01255,81.5,86.6,103.3,78.5
Indiv_170,8104.347826,23756.52174,82,4.65,0.989361702,4.338676928,0.61435,0.6164,-0.01095,71,66.7,70.7,64.4
Indiv_171,8104.347826,22713.04348,116,4.65,0.989361702,4.310869588,0.6196,0.6233,-0.0104,89.2,84.7,86,83.3
Indiv_172,8104.347826,21669.56522,119,4.65,0.989361702,4.31386651,0.6197,0.6227,-0.0077,91.4,85.3,95.2,81.4
Indiv_173,8104.347826,20626.08696,113,4.65,0.989361702,4.321501752,0.62065,0.62165,-0.00495,80.2,75.1,73.4,72.3
Indiv_174,8104.347826,19582.6087,108,4.6,0.978723404,4.30797387,0.62175,0.62125,-0.0032,79.5,74.3,77.3,72.5
Indiv_175,8104.347826,18539.13043,109,4.6,0.978723404,4.295682046,0.62085,0.62195,-0.00585,102.8,86.7,89.3,91.1
Indiv_176,8104.347826,17495.65217,148,4.6,0.978723404,4.285868912,0.61945,0.62605,-0.01565,110.7,99,95.4,99.8
Indiv_177,8104.347826,16452.17391,134,4.6,0.978723404,4.278597517,0.6211,0.62015,-0.00215,120.4,108.6,102.7,111
Indiv_178,8104.347826,15408.69565,133,4.6,0.978723404,4.283219827,0.6233,0.62475,-0.0064,133,116.4,117.1,124.2
Indiv_179,8104.347826,14365.21739,121,4.6,0.978723404,4.254533944,0.6244,0.62855,-0.0067,144.3,120.7,116.3,131.8
Indiv_180,8104.347826,13321.73913,115,4.65,0.989361702,4.25757574,0.62405,0.62075,0.00375,131.8,114.4,117.7,112.6
Indiv_181,8104.347826,12278.26087,115,4.7,1,4.308807108,0.6291,0.6314,-0.00345,103.1,107.5,116,104.2
Indiv_182,8104.347826,11234.78261,110,4.7,1,4.310686011,0.6284,0.629,5.00E-04,107,112.7,119.8,108.4
Indiv_183,8104.347826,10191.30435,122,4.7,1,4.301268212,0.6278,0.62835,0.00105,112,116.4,136.2,112.3
Indiv_184,8104.347826,9147.826087,77,4.6,0.978723404,4.239014741,0.62135,0.6206,0.0076,112.7,123.2,134.5,110.5
Indiv_185,8104.347826,8104.347826,98,4.6,0.978723404,4.260469455,0.62455,0.6214,0.0084,97.5,113.2,128.5,91.8
Indiv_186,8104.347826,7060.869565,97,4.6,0.978723404,4.222597364,0.6235,0.62165,0.00625,110.1,121.5,138.8,102.2
Indiv_187,8104.347826,6017.391304,81,4.55,0.968085106,4.202572519,0.6236,0.6277,-0.00855,110.5,110.8,123.8,99.5
Indiv_188,8104.347826,4973.913043,57,4.45,0.946808511,4.183667244,0.62335,0.62105,0.0021,84.2,86.6,148.4,87.4
Indiv_189,8104.347826,3930.434783,50,4.35,0.925531915,4.137792194,0.6174,0.601,0.0222,37.7,34.4,32.7,35
Indiv_190,8104.347826,2886.956522,41,4.3,0.914893617,4.127738071,0.61465,0.59755,0.0241,31.7,26.8,25.1,30.6
Indiv_191,8104.347826,1843.478261,31,4.2,0.893617021,4.105671607,0.60945,0.59845,0.02265,44.5,47.1,40.4,45.1
Indiv_192,8104.347826,800,18,,,,,,,,,,
Indiv_193,9147.826087,24800,94,4.65,0.989361702,4.338888491,0.6184,0.62235,-0.0116,91.4,91.4,112,87.1
Indiv_194,9147.826087,23756.52174,96,4.65,0.989361702,4.318771466,0.61995,0.62085,-0.0068,89.8,87,107.4,84.9
Indiv_195,9147.826087,22713.04348,119,4.65,0.989361702,4.314509116,0.6207,0.62345,-0.0091,91.7,86.5,91.9,85.5
Indiv_196,9147.826087,21669.56522,129,4.65,0.989361702,4.31760582,0.6217,0.6232,-0.0065,94.6,90.6,90.9,82.1
Indiv_197,9147.826087,20626.08696,128,4.65,0.989361702,4.31667393,0.6189,0.61675,-0.00075,90.9,84.5,90.9,81.1
Indiv_198,9147.826087,19582.6087,132,4.65,0.989361702,4.320801669,0.62125,0.62455,-0.0102,96.6,88.6,102.6,86.3
Indiv_199,9147.826087,18539.13043,146,4.6,0.978723404,4.292187172,0.6205,0.6301,-0.02005,116.3,106.5,108.1,106.4
Indiv_200,9147.826087,17495.65217,166,4.6,0.978723404,4.292664319,0.6191,0.61925,-0.00425,122.8,109.2,111,118.7
Indiv_201,9147.826087,16452.17391,166,4.6,0.978723404,4.286294329,0.6199,0.62045,-0.00505,122.7,108.2,108.5,117.1
Indiv_202,9147.826087,15408.69565,148,4.6,0.978723404,4.270952339,0.6207,0.623,-0.00785,124.9,108.7,107,111.3
Indiv_203,9147.826087,14365.21739,136,4.6,0.978723404,4.269864697,0.62365,0.6264,-0.00765,134.1,118.4,114.7,121.7
Indiv_204,9147.826087,13321.73913,122,4.6,0.978723404,4.260326834,0.6243,0.62505,-0.00175,153.3,130.9,120.9,148.1
Indiv_205,9147.826087,12278.26087,113,4.65,0.989361702,4.266592534,0.62665,0.62875,-0.0021,114.6,108.9,102.2,112.5
Indiv_206,9147.826087,11234.78261,118,4.65,0.989361702,4.277949829,0.6254,0.6241,0.0041,126.5,130.7,124.3,125.3
Indiv_207,9147.826087,10191.30435,129,4.7,1,4.300333267,0.6275,0.62835,-0.00015,122.2,137.8,165.7,127.5
Indiv_208,9147.826087,9147.826087,129,4.65,0.989361702,4.280612528,0.62605,0.62275,0.00725,118.7,122.8,120.6,110.6
Indiv_209,9147.826087,8104.347826,108,4.65,0.989361702,4.22974217,0.6225,0.6235,0.00475,109.2,118.2,125.7,99.8
Indiv_210,9147.826087,7060.869565,95,4.6,0.978723404,4.231085002,0.62345,0.6263,-8.00E-04,111.9,115.8,121.4,99.4
Indiv_211,9147.826087,6017.391304,75,4.55,0.968085106,4.214243398,0.62385,0.62865,-0.0096,99.7,89.7,113.8,84.9
Indiv_212,9147.826087,4973.913043,56,4.5,0.957446809,4.193667065,0.6246,0.61885,0.00425,55.2,45.5,49,48.8
Indiv_213,9147.826087,3930.434783,51,4.4,0.936170213,4.146743199,0.61835,0.59605,0.0302,44.9,42.2,44.9,41.5
Indiv_214,9147.826087,2886.956522,47,4.35,0.925531915,4.129505364,0.61285,0.58925,0.0347,39,35.9,32.7,37.3
Indiv_215,9147.826087,1843.478261,38,4.3,0.914893617,4.137699212,0.61215,0.59215,0.03125,33.9,31.6,27.3,33
Indiv_216,9147.826087,800,21,4.05,0.861702128,4.040127758,0.61145,0.61185,-0.00345,36.4,30.6,28.8,36.4
Indiv_217,10191.30435,24800,99,4.65,0.989361702,4.317862555,0.61745,0.6213,-0.01165,94,94.6,115,91.4
Indiv_218,10191.30435,23756.52174,101,4.65,0.989361702,4.309090685,0.61935,0.6222,-0.0108,98.2,96,113.5,89.7
Indiv_219,10191.30435,22713.04348,118,4.65,0.989361702,4.310505199,0.6185,0.62325,-0.012,92,89.4,90.7,88.3
Indiv_220,10191.30435,21669.56522,114,4.65,0.989361702,4.311237427,0.61785,0.62155,-0.0106,95.7,91.7,94.1,89.3
Indiv_221,10191.30435,20626.08696,121,4.65,0.989361702,4.321040485,0.62235,0.62525,-0.0089,96.9,87.2,100.4,85.5
Indiv_222,10191.30435,19582.6087,143,4.6,0.978723404,4.306592372,0.62095,0.62465,-0.01175,99.6,92.5,100.8,92.8
Indiv_223,10191.30435,18539.13043,147,4.6,0.978723404,4.29535274,0.61995,0.62865,-0.0186,115.5,107,109.7,106.7
Indiv_224,10191.30435,17495.65217,169,4.6,0.978723404,4.28864818,0.61895,0.61705,-0.0009,133.8,120.3,122.3,125.6
Indiv_225,10191.30435,16452.17391,173,4.6,0.978723404,4.282445118,0.6174,0.6159,-0.0013,135.6,121.1,121.8,126.9
Indiv_226,10191.30435,15408.69565,151,4.6,0.978723404,4.273038805,0.62185,0.6241,-0.0078,133.8,117.1,114.6,125.8
Indiv_227,10191.30435,14365.21739,151,4.6,0.978723404,4.257465056,0.6217,0.6238,-0.00735,141.7,130.7,123.3,132.7
Indiv_228,10191.30435,13321.73913,150,4.65,0.989361702,4.26909279,0.62215,0.62585,-0.01095,157.6,150.5,145.5,147.7
Indiv_229,10191.30435,12278.26087,131,4.65,0.989361702,4.262509153,0.6238,0.62295,-6.00E-04,160.9,143.5,143.6,161.2
Indiv_230,10191.30435,11234.78261,127,4.65,0.989361702,4.258474104,0.6257,0.62365,0.00395,120.8,119.2,108.2,121.9
Indiv_231,10191.30435,10191.30435,127,4.65,0.989361702,4.253275724,0.62465,0.6264,0.00045,141.2,133.1,129.8,149.1
Indiv_232,10191.30435,9147.826087,141,4.65,0.989361702,4.245898885,0.62445,0.62475,0.00065,133.3,145.5,144.2,133.6
Indiv_233,10191.30435,8104.347826,129,4.65,0.989361702,4.246633426,0.62315,0.62245,0.0033,121.2,126.4,124.2,112.5
Indiv_234,10191.30435,7060.869565,115,4.65,0.989361702,4.219624215,0.6235,0.6261,-0.0016,129.8,147.2,154.9,117.6
Indiv_235,10191.30435,6017.391304,91,4.55,0.968085106,4.216291222,0.62495,0.6339,-0.01395,107.9,111.6,115.6,97
Indiv_236,10191.30435,4973.913043,62,4.45,0.946808511,4.211988458,0.62695,0.6388,-0.02295,85.7,86.5,82.1,77.4
Indiv_237,10191.30435,3930.434783,42,4.35,0.925531915,4.153830459,0.6199,0.59765,0.03065,38.5,34.5,32.8,35.9
Indiv_238,10191.30435,2886.956522,39,4.3,0.914893617,4.143839193,0.61995,0.6052,0.02155,33.1,30.2,26.9,32
Indiv_239,10191.30435,1843.478261,36,4.3,0.914893617,4.160207927,0.6156,0.59575,0.0311,36.8,33.6,27.6,35.5
Indiv_240,10191.30435,800,20,4.05,0.861702128,4.05,0.615,0.6125,8.00E-04,32.8,26.5,24.7,32.8
Indiv_241,11234.78261,24800,96,4.65,0.989361702,4.313702189,0.61445,0.6177,-0.01305,91.9,98.8,130.1,90
Indiv_242,11234.78261,23756.52174,108,4.65,0.989361702,4.312311672,0.61725,0.6172,-0.0057,97.5,101.6,120.2,92.5
Indiv_243,11234.78261,22713.04348,112,4.65,0.989361702,4.308074025,0.6189,0.6219,-0.01065,101.9,103.2,117.3,96.8
Indiv_244,11234.78261,21669.56522,116,4.65,0.989361702,4.311704897,0.6191,0.6253,-0.01525,98.5,100.3,109.1,94.7
Indiv_245,11234.78261,20626.08696,128,4.65,0.989361702,4.323736166,0.62155,0.62315,-0.0077,100.7,97.8,107.8,89.6
Indiv_246,11234.78261,19582.6087,131,4.65,0.989361702,4.316662581,0.621,0.6233,-0.0093,120.6,111,119.2,110.3
Indiv_247,11234.78261,18539.13043,159,4.65,0.989361702,4.294295736,0.62095,0.6262,-0.01275,142.9,130.6,132.5,129.1
Indiv_248,11234.78261,17495.65217,179,4.65,0.989361702,4.295695483,0.61915,0.61985,-0.00565,140,125.7,127.7,128.5
Indiv_249,11234.78261,16452.17391,182,4.65,0.989361702,4.294912818,0.62035,0.62035,-0.00505,149.3,135.3,132.5,136.4
Indiv_250,11234.78261,15408.69565,164,4.6,0.978723404,4.281905752,0.6191,0.621,-0.0085,155.1,141.6,144.9,145.2
Indiv_251,11234.78261,14365.21739,155,4.6,0.978723404,4.254057107,0.61975,0.6261,-0.0151,163.5,150.7,139.6,153
Indiv_252,11234.78261,13321.73913,152,4.65,0.989361702,4.275195883,0.6218,0.6273,-0.0132,172.6,163.2,149.9,166.6
Indiv_253,11234.78261,12278.26087,150,4.65,0.989361702,4.268344142,0.62135,0.62665,-0.01035,174.5,165.2,158.1,165
Indiv_254,11234.78261,11234.78261,119,4.65,0.989361702,4.254835352,0.6251,0.6302,-0.0089,136.3,132.9,123.2,130.6
Indiv_255,11234.78261,10191.30435,145,4.65,0.989361702,4.233790316,0.6205,0.6203,0.00065,137.3,136.7,138.7,138.9
Indiv_256,11234.78261,9147.826087,136,4.65,0.989361702,4.232943599,0.62215,0.6232,-0.00015,137.7,133.5,135.1,137.8
Indiv_257,11234.78261,8104.347826,121,4.65,0.989361702,4.236442777,0.6248,0.62645,-0.001,134.6,133.3,131.7,131.4
Indiv_258,11234.78261,7060.869565,111,4.65,0.989361702,4.221389962,0.62345,0.62495,0.0011,138.4,151.8,144.6,137.3
Indiv_259,11234.78261,6017.391304,104,4.65,0.989361702,4.228446415,0.62425,0.6299,-0.00315,127,119.3,114,111.5
Indiv_260,11234.78261,4973.913043,52,4.45,0.946808511,4.213041077,0.6274,0.63175,-0.0093,87.5,82.4,60.5,85.8
Indiv_261,11234.78261,3930.434783,34,4.3,0.914893617,4.162651437,0.6216,0.606,0.0137,80.4,79.8,77.5,70.5
Indiv_262,11234.78261,2886.956522,31,4.15,0.882978723,4.063383467,0.61645,0.5983,0.01705,41.7,42.4,34.8,38.5
Indiv_263,11234.78261,1843.478261,22,4,0.85106383,3.984972118,0.6152,0.5818,0.04505,21.2,17.5,18.4,21.2
Indiv_264,11234.78261,800,12,,,,,,,,,,
Indiv_265,12278.26087,24800,99,4.65,0.989361702,4.298843513,0.61405,0.6216,-0.01965,111.4,122.6,153.8,113.9
Indiv_266,12278.26087,23756.52174,106,4.65,0.989361702,4.304864027,0.6143,0.6165,-0.01145,98.2,103.7,123.1,92.8
Indiv_267,12278.26087,22713.04348,106,4.65,0.989361702,4.317389845,0.61585,0.6175,-0.0087,94.4,97.6,116.5,90.1
Indiv_268,12278.26087,21669.56522,111,4.65,0.989361702,4.305171704,0.6177,0.6245,-0.0153,119.8,112,146,118
Indiv_269,12278.26087,20626.08696,133,4.65,0.989361702,4.3045751,0.62115,0.6252,-0.0114,117.8,109.8,124.8,109.2
Indiv_270,12278.26087,19582.6087,155,4.65,0.989361702,4.3047739,0.62085,0.6254,-0.0132,127.8,128.8,142.2,121.2
Indiv_271,12278.26087,18539.13043,160,4.65,0.989361702,4.29887388,0.62185,0.6272,-0.0144,136.2,134.2,137.9,129.8
Indiv_272,12278.26087,17495.65217,170,4.65,0.989361702,4.292312035,0.6208,0.62285,-0.00805,155.1,140.3,147.4,144.3
Indiv_273,12278.26087,16452.17391,180,4.65,0.989361702,4.284322675,0.6204,0.62135,-0.0072,165.9,150.6,153.1,148
Indiv_274,12278.26087,15408.69565,177,4.65,0.989361702,4.277257701,0.6187,0.6206,-0.00925,173.6,162.8,156.2,158.3
Indiv_275,12278.26087,14365.21739,176,4.7,1,4.281185733,0.61945,0.6196,-0.0063,171.6,169,164.1,167
Indiv_276,12278.26087,13321.73913,176,4.7,1,4.286852631,0.6212,0.6237,-0.0066,183.9,185.8,168.1,188.5
Indiv_277,12278.26087,12278.26087,163,4.7,1,4.28539526,0.62105,0.62445,-0.0082,173.8,166.2,160.8,176.1
Indiv_278,12278.26087,11234.78261,168,4.7,1,4.273656573,0.6214,0.6229,-0.00305,178.7,168.2,176.5,180.6
Indiv_279,12278.26087,10191.30435,166,4.7,1,4.256014198,0.62215,0.6214,-0.00045,157.9,151.7,156.6,156.4
Indiv_280,12278.26087,9147.826087,147,4.65,0.989361702,4.239155877,0.6214,0.62295,-0.0023,142,136.8,141.2,138.9
Indiv_281,12278.26087,8104.347826,135,4.65,0.989361702,4.215397262,0.62215,0.6267,-0.0059,144.5,138.5,136.7,139.4
Indiv_282,12278.26087,7060.869565,125,4.65,0.989361702,4.220448854,0.622,0.6252,-0.00335,125,126,123.6,133
Indiv_283,12278.26087,6017.391304,101,4.6,0.978723404,4.198522029,0.62365,0.6297,-0.01055,130.2,125.3,121,129.5
Indiv_284,12278.26087,4973.913043,51,4.45,0.946808511,4.224486815,0.6226,0.6343,-0.0196,86.3,76.9,61.4,84.4
Indiv_285,12278.26087,3930.434783,33,4.3,0.914893617,4.181098518,0.62635,0.61815,0.00795,97.7,93.1,100.8,91.7
Indiv_286,12278.26087,2886.956522,25,4.15,0.882978723,4.093994617,0.61915,0.592,0.0392,24.6,21,22.2,24.6
Indiv_287,12278.26087,1843.478261,17,,,,,,,,,,
Indiv_288,12278.26087,800,8,,,,,,,,,,
Indiv_289,13321.73913,24800,110,4.65,0.989361702,4.284538955,0.6129,0.61485,-0.01315,101.8,109.5,114,100.9
Indiv_290,13321.73913,23756.52174,106,4.65,0.989361702,4.293776997,0.61325,0.61555,-0.01115,94.4,106.2,130.9,89.3
Indiv_291,13321.73913,22713.04348,99,4.65,0.989361702,4.272110855,0.61085,0.6101,-0.00595,109.2,135.8,126.4,116.4
Indiv_292,13321.73913,21669.56522,131,4.65,0.989361702,4.301234709,0.61775,0.61985,-0.0082,118.9,115.2,117,110.2
Indiv_293,13321.73913,20626.08696,147,4.65,0.989361702,4.298505996,0.6198,0.62375,-0.0117,120.6,114.6,128.5,113.1
Indiv_294,13321.73913,19582.6087,160,4.65,0.989361702,4.29999233,0.6203,0.6225,-0.0096,129.5,129.1,142.5,122.5
Indiv_295,13321.73913,18539.13043,160,4.65,0.989361702,4.292322469,0.6196,0.62405,-0.0134,129.4,127.6,143.8,122.6
Indiv_296,13321.73913,17495.65217,148,4.65,0.989361702,4.297932555,0.6223,0.62805,-0.0161,139.1,137.7,143.4,132.2
Indiv_297,13321.73913,16452.17391,144,4.6,0.978723404,4.266623854,0.6203,0.6215,-0.00735,157.8,145.3,142.8,151.2
Indiv_298,13321.73913,15408.69565,171,4.6,0.978723404,4.268444026,0.6193,0.61805,-0.00395,179.2,167.6,160.7,165.4
Indiv_299,13321.73913,14365.21739,164,4.7,1,4.260913427,0.6204,0.62285,-0.01075,204.6,190.4,160.8,198.3
Indiv_300,13321.73913,13321.73913,174,4.7,1,4.286129788,0.62165,0.62,-0.00015,193.3,193.9,177.3,207.1
Indiv_301,13321.73913,12278.26087,186,4.7,1,4.27775587,0.62015,0.62035,-0.0014,191.4,181.2,189.8,203.1
Indiv_302,13321.73913,11234.78261,178,4.7,1,4.281252958,0.6214,0.6214,-0.0002,185.6,180,187.6,194.6
Indiv_303,13321.73913,10191.30435,158,4.7,1,4.256082521,0.62205,0.62405,-0.00405,163.5,154.6,154.4,160.1
Indiv_304,13321.73913,9147.826087,142,4.65,0.989361702,4.235440194,0.62155,0.62785,-0.0094,140.8,132.4,148.1,135.1
Indiv_305,13321.73913,8104.347826,132,4.6,0.978723404,4.20709026,0.6234,0.62995,-0.01165,138.4,131.2,131,135.6
Indiv_306,13321.73913,7060.869565,112,4.6,0.978723404,4.19549351,0.62275,0.63135,-0.01455,142.3,130.5,125.2,140.5
Indiv_307,13321.73913,6017.391304,96,4.6,0.978723404,4.188616907,0.62255,0.6318,-0.0128,122.2,104.6,98.5,105.8
Indiv_308,13321.73913,4973.913043,64,4.55,0.968085106,4.20396039,0.62185,0.62805,-0.0091,103.1,90,83.8,89.6
Indiv_309,13321.73913,3930.434783,29,4.35,0.925531915,4.207649061,0.62525,0.6018,0.03515,95.2,62,48,74.9
Indiv_310,13321.73913,2886.956522,20,4.15,0.882978723,4.15,0.60315,0.5775,0.03465,36,34.1,33.6,36
Indiv_311,13321.73913,1843.478261,13,,,,,,,,,,
Indiv_312,13321.73913,800,9,,,,,,,,,,
Indiv_313,14365.21739,24800,102,4.6,0.978723404,4.262332865,0.61085,0.61475,-0.01415,97.1,110.6,107.8,105.2
Indiv_314,14365.21739,23756.52174,116,4.65,0.989361702,4.277612667,0.6131,0.61555,-0.01155,106.2,109.9,109.7,101.3
Indiv_315,14365.21739,22713.04348,124,4.65,0.989361702,4.268574521,0.61525,0.61415,-0.00385,129.6,137.9,148.6,123.3
Indiv_316,14365.21739,21669.56522,130,4.65,0.989361702,4.285342241,0.61685,0.6223,-0.01445,117.1,113.2,116.3,110.2
Indiv_317,14365.21739,20626.08696,146,4.65,0.989361702,4.279036075,0.6186,0.6209,-0.01055,128.6,124.4,136.8,118.5
Indiv_318,14365.21739,19582.6087,159,4.65,0.989361702,4.28573464,0.61885,0.61885,-0.00685,133.7,133.1,137.5,124.4
Indiv_319,14365.21739,18539.13043,156,4.65,0.989361702,4.283888128,0.6194,0.61985,-0.00755,136.3,138.5,146.8,127.8
Indiv_320,14365.21739,17495.65217,133,4.65,0.989361702,4.277846619,0.62425,0.62855,-0.0133,145.3,153.1,159.7,132.6
Indiv_321,14365.21739,16452.17391,157,4.65,0.989361702,4.279133075,0.6216,0.6223,-0.00595,205.2,206.2,190.5,197.2
Indiv_322,14365.21739,15408.69565,149,4.6,0.978723404,4.252967789,0.62015,0.6222,-0.0094,200.9,174.7,153.8,187.9
Indiv_323,14365.21739,14365.21739,179,4.7,1,4.27018946,0.61865,0.6215,-0.0104,213.8,191.8,184.5,208.5
Indiv_324,14365.21739,13321.73913,184,4.7,1,4.279102608,0.6204,0.61985,-0.0017,209.4,196.2,193.7,211.3
Indiv_325,14365.21739,12278.26087,181,4.7,1,4.269564233,0.6199,0.6196,-0.00205,199.4,182.9,172.3,206.4
Indiv_326,14365.21739,11234.78261,148,4.65,0.989361702,4.265092538,0.6221,0.6263,-0.0095,167.5,161.5,146.7,167.4
Indiv_327,14365.21739,10191.30435,118,4.6,0.978723404,4.214670442,0.6222,0.6309,-0.0192,159.4,138.4,132.7,144.9
Indiv_328,14365.21739,9147.826087,101,4.6,0.978723404,4.211487216,0.6248,0.6367,-0.02335,158.6,136.8,128.3,148.9
Indiv_329,14365.21739,8104.347826,88,4.65,0.989361702,4.217638113,0.62445,0.63405,-0.01175,136.3,108.6,114.4,119.7
Indiv_330,14365.21739,7060.869565,78,4.6,0.978723404,4.225048536,0.62285,0.63265,-0.01135,133.2,125.6,129.1,126.7
Indiv_331,14365.21739,6017.391304,75,4.6,0.978723404,4.211931678,0.6194,0.62475,-0.00775,116.6,103.1,105.7,109.4
Indiv_332,14365.21739,4973.913043,47,4.5,0.957446809,4.189527232,0.6121,0.61695,-0.00835,105.9,80.9,86.4,91.4
Indiv_333,14365.21739,3930.434783,21,4.15,0.882978723,4.125958188,0.5968,0.56905,0.04475,23.4,17.1,16.3,23.4
Indiv_334,14365.21739,2886.956522,17,,,,,,,,,,
Indiv_335,14365.21739,1843.478261,18,,,,,,,,,,
Indiv_336,14365.21739,800,14,,,,,,,,,,
Indiv_337,15408.69565,24800,113,4.6,0.978723404,4.261531502,0.6108,0.6084,-0.00275,121.6,137.6,123.9,121.3
Indiv_338,15408.69565,23756.52174,123,4.65,0.989361702,4.25773221,0.6126,0.6106,-0.0036,122.1,131.8,121.1,116.9
Indiv_339,15408.69565,22713.04348,134,4.65,0.989361702,4.266943511,0.6144,0.61375,-0.0036,131.5,134.2,137.2,126.8
Indiv_340,15408.69565,21669.56522,129,4.65,0.989361702,4.263792722,0.6149,0.61595,-0.00725,120.8,126.5,136.5,115.1
Indiv_341,15408.69565,20626.08696,146,4.65,0.989361702,4.276002731,0.61765,0.6178,-0.0069,126,123.9,124.2,117.9
Indiv_342,15408.69565,19582.6087,157,4.65,0.989361702,4.278496785,0.61965,0.6245,-0.0147,140.2,138.8,134.3,129.3
Indiv_343,15408.69565,18539.13043,156,4.65,0.989361702,4.282717027,0.61935,0.62525,-0.0156,144,142,143.3,133.6
Indiv_344,15408.69565,17495.65217,169,4.65,0.989361702,4.255732148,0.61895,0.6245,-0.014,165.9,164.7,168,153.7
Indiv_345,15408.69565,16452.17391,172,4.7,1,4.251675355,0.61975,0.6267,-0.01605,211.3,186.6,177.1,191.3
Indiv_346,15408.69565,15408.69565,176,4.7,1,4.26604454,0.6212,0.6238,-0.0105,217.6,199.4,185.9,197
Indiv_347,15408.69565,14365.21739,181,4.7,1,4.277045114,0.6204,0.6227,-0.00895,216.8,190.7,188.8,199.8
Indiv_348,15408.69565,13321.73913,175,4.7,1,4.270787595,0.6186,0.621,-0.0096,220.3,195.4,184.8,219.4
Indiv_349,15408.69565,12278.26087,167,4.7,1,4.251289874,0.62035,0.6208,-0.00665,188.9,160.5,149.9,172.7
Indiv_350,15408.69565,11234.78261,92,4.55,0.968085106,4.208463458,0.6208,0.63145,-0.02055,169.6,122.2,119.4,137.7
Indiv_351,15408.69565,10191.30435,64,4.45,0.946808511,4.165769704,0.61255,0.62335,-0.0141,155.7,128,97.4,150.6
Indiv_352,15408.69565,9147.826087,40,4.45,0.946808511,4.223576112,0.6085,0.6225,-0.0206,251.7,150.8,134.6,239.3
Indiv_353,15408.69565,8104.347826,49,4.5,0.957446809,4.205675536,0.6161,0.6195,-0.0085,181.2,161.4,140.5,174.4
Indiv_354,15408.69565,7060.869565,73,4.65,0.989361702,4.214507363,0.61235,0.6205,-0.018,148.1,134,120.4,148.3
Indiv_355,15408.69565,6017.391304,55,4.65,0.989361702,4.229176349,0.6131,0.61365,-0.00085,104.1,88.5,73,96.4
Indiv_356,15408.69565,4973.913043,31,4.5,0.957446809,4.262664492,0.60605,0.5855,0.03875,99.8,81.4,88.3,87.6
Indiv_357,15408.69565,3930.434783,23,4.1,0.872340426,4.061165674,0.59455,0.5566,0.0664,17.6,12.7,14.9,17.6
Indiv_358,15408.69565,2886.956522,20,4.1,0.872340426,4.1,0.5747,0.5325,0.0785,13.7,12.6,12.8,13.7
Indiv_359,15408.69565,1843.478261,18,,,,,,,,,,
Indiv_360,15408.69565,800,17,,,,,,,,,,
Indiv_361,16452.17391,24800,104,4.6,0.978723404,4.231678666,0.60665,0.60625,-0.00815,106.5,124.6,117.6,107.7
Indiv_362,16452.17391,23756.52174,120,4.65,0.989361702,4.251865627,0.6107,0.60965,-0.00595,108,110.3,100.7,98.8
Indiv_363,16452.17391,22713.04348,128,4.65,0.989361702,4.256337141,0.6132,0.61165,-0.00415,115.3,115.2,117.9,115.9
Indiv_364,16452.17391,21669.56522,125,4.65,0.989361702,4.263562949,0.61485,0.6172,-0.00845,123.2,126,129.5,121.3
Indiv_365,16452.17391,20626.08696,135,4.65,0.989361702,4.281211917,0.6178,0.6193,-0.0088,118.9,116.3,122.8,111.5
Indiv_366,16452.17391,19582.6087,144,4.65,0.989361702,4.285832356,0.6184,0.6211,-0.00985,137.2,145.8,153.3,127
Indiv_367,16452.17391,18539.13043,148,4.65,0.989361702,4.289261569,0.6188,0.62505,-0.0155,138.1,138.3,147.7,127.4
Indiv_368,16452.17391,17495.65217,158,4.7,1,4.270866047,0.61985,0.6241,-0.0129,161.8,142.7,148.1,143
Indiv_369,16452.17391,16452.17391,174,4.7,1,4.256465733,0.61925,0.6269,-0.01745,216.3,189.4,174.5,197.3
Indiv_370,16452.17391,15408.69565,160,4.7,1,4.258136834,0.62065,0.62755,-0.01635,250.7,224.1,206.2,221.1
Indiv_371,16452.17391,14365.21739,134,4.65,0.989361702,4.228701512,0.6191,0.62165,-0.0101,218.7,173.5,154.4,182.6
Indiv_372,16452.17391,13321.73913,137,4.7,1,4.228276943,0.6177,0.6204,-0.00915,263.4,181,163.3,216.9
Indiv_373,16452.17391,12278.26087,151,4.7,1,4.229584479,0.6201,0.6246,-0.0116,213.3,158.8,164.6,185.2
Indiv_374,16452.17391,11234.78261,112,4.7,1,4.193956357,0.6164,0.62315,-0.0133,244.5,173.1,171.3,190.2
Indiv_375,16452.17391,10191.30435,58,4.4,0.936170213,4.208276719,0.6049,0.60085,0.0055,170.6,147.2,112.8,166.3
Indiv_376,16452.17391,9147.826087,42,4.45,0.946808511,4.194111362,0.6067,0.59885,0.0138,299.4,783.1,250.5,459
Indiv_377,16452.17391,8104.347826,56,4.5,0.957446809,4.198184956,0.60815,0.6072,-0.0013,217.1,174.1,177.8,215.9
Indiv_378,16452.17391,7060.869565,52,4.6,0.978723404,4.236065588,0.6123,0.6125,-0.00395,135.4,120.8,113.3,136.8
Indiv_379,16452.17391,6017.391304,39,4.55,0.968085106,4.252245685,0.6126,0.60775,0.0057,125.7,116.4,108.3,134.7
Indiv_380,16452.17391,4973.913043,21,4.2,0.893617021,4.17804878,0.5948,0.5809,0.03875,68.6,38.1,28.8,68.6
Indiv_381,16452.17391,3930.434783,15,,,,,,,,,,
Indiv_382,16452.17391,2886.956522,15,,,,,,,,,,
Indiv_383,16452.17391,1843.478261,17,,,,,,,,,,
Indiv_384,16452.17391,800,13,,,,,,,,,,
Indiv_385,17495.65217,24800,98,4.6,0.978723404,4.225267136,0.60805,0.61065,-0.0119,101.2,118.7,95.3,97.7
Indiv_386,17495.65217,23756.52174,113,4.6,0.978723404,4.243403176,0.6102,0.6107,-0.00895,113.6,118,99,107.4
Indiv_387,17495.65217,22713.04348,115,4.65,0.989361702,4.247950506,0.61195,0.61385,-0.0119,103.3,100.6,85.3,97.5
Indiv_388,17495.65217,21669.56522,96,4.6,0.978723404,4.243930956,0.6098,0.61035,-0.0074,106.1,109.8,102.3,95.7
Indiv_389,17495.65217,20626.08696,74,4.55,0.968085106,4.227631775,0.61045,0.61625,-0.0149,147.8,170,135.9,126.3
Indiv_390,17495.65217,19582.6087,124,4.65,0.989361702,4.256015745,0.61955,0.62475,-0.01265,146.4,153.5,154.3,136
Indiv_391,17495.65217,18539.13043,107,4.65,0.989361702,4.272927677,0.61865,0.619,-0.0052,160.3,164.6,154.3,141.9
Indiv_392,17495.65217,17495.65217,117,4.7,1,4.278931555,0.6185,0.6197,-0.0064,258.7,256.8,234.8,230.4
Indiv_393,17495.65217,16452.17391,166,4.7,1,4.2503573,0.61615,0.6205,-0.0122,209.2,189,171.7,187.1
Indiv_394,17495.65217,15408.69565,146,4.7,1,4.236381049,0.6151,0.615,-0.0056,207.3,156.6,146.5,168.7
Indiv_395,17495.65217,14365.21739,107,4.7,1,4.243489263,0.61465,0.61585,-0.0065,218.9,151.5,138.7,182.9
Indiv_396,17495.65217,13321.73913,106,4.65,0.989361702,4.206396505,0.61565,0.61995,-0.01,178,111.2,108.8,139.8
Indiv_397,17495.65217,12278.26087,139,4.7,1,4.190005535,0.6156,0.6173,-0.00765,210.5,144.2,147.7,167.3
Indiv_398,17495.65217,11234.78261,126,4.7,1,4.176388259,0.61415,0.6183,-0.01055,213.4,151.4,148.7,172.2
Indiv_399,17495.65217,10191.30435,64,4.45,0.946808511,4.202685413,0.60495,0.59525,0.01165,201,147.4,123,203.2
Indiv_400,17495.65217,9147.826087,51,4.5,0.957446809,4.212037428,0.6058,0.596,0.01455,292.4,262.6,303.6,281.3
Indiv_401,17495.65217,8104.347826,43,4.45,0.946808511,4.215498204,0.60815,0.6093,-0.0029,154.8,114,176,153.3
Indiv_402,17495.65217,7060.869565,37,4.5,0.957446809,4.238927275,0.6094,0.61095,-0.0036,118.1,115.5,148.3,115.8
Indiv_403,17495.65217,6017.391304,25,4.5,0.957446809,4.347228079,0.60155,0.608,-0.0104,181.7,640.1,437,181.7
Indiv_404,17495.65217,4973.913043,14,,,,,,,,,,
Indiv_405,17495.65217,3930.434783,9,,,,,,,,,,
Indiv_406,17495.65217,2886.956522,11,,,,,,,,,,
Indiv_407,17495.65217,1843.478261,16,,,,,,,,,,
Indiv_408,17495.65217,800,13,,,,,,,,,,
Indiv_409,18539.13043,24800,81,4.6,0.978723404,4.255724138,0.6069,0.61605,-0.02355,88.9,102.1,91.9,89.1
Indiv_410,18539.13043,23756.52174,107,4.6,0.978723404,4.225514697,0.60785,0.61215,-0.0162,103.5,106.8,92.5,98.5
Indiv_411,18539.13043,22713.04348,109,4.6,0.978723404,4.239768416,0.60975,0.6124,-0.01205,105.2,101.6,85,98.2
Indiv_412,18539.13043,21669.56522,93,4.6,0.978723404,4.225295192,0.6083,0.6166,-0.02385,96.8,101.5,87.3,99.4
Indiv_413,18539.13043,20626.08696,93,4.6,0.978723404,4.228214876,0.6122,0.6133,-0.01285,124.3,139,120.7,121.9
Indiv_414,18539.13043,19582.6087,100,4.6,0.978723404,4.220948661,0.61535,0.618,-0.0114,161.6,162.8,136.7,133
Indiv_415,18539.13043,18539.13043,102,4.6,0.978723404,4.205529477,0.6107,0.6102,-0.0045,177,152.9,144.9,156.9
Indiv_416,18539.13043,17495.65217,106,4.65,0.989361702,4.24476779,0.6112,0.6042,0.0053,155.6,118.2,119.7,134.6
Indiv_417,18539.13043,16452.17391,150,4.7,1,4.230078664,0.6133,0.61135,-0.0027,178.7,143.4,132.3,155.4
Indiv_418,18539.13043,15408.69565,131,4.7,1,4.228608585,0.61475,0.6118,-0.00265,163.1,127.8,124.6,146.3
Indiv_419,18539.13043,14365.21739,118,4.65,0.989361702,4.20297123,0.6119,0.6038,0.00455,141.3,100.5,106.1,119
Indiv_420,18539.13043,13321.73913,127,4.65,0.989361702,4.185212697,0.61435,0.6126,-0.00315,147.6,99.9,98.5,119.8
Indiv_421,18539.13043,12278.26087,137,4.65,0.989361702,4.20576621,0.6168,0.6197,-0.0095,145.9,112.2,110.5,135
Indiv_422,18539.13043,11234.78261,98,4.65,0.989361702,4.196567325,0.61075,0.6056,0.0014,157.6,92,97.3,122.1
Indiv_423,18539.13043,10191.30435,80,4.55,0.968085106,4.145384577,0.6052,0.5987,0.005,122.7,79.3,82.8,92.7
Indiv_424,18539.13043,9147.826087,42,4.4,0.936170213,4.2118875,0.59905,0.5822,0.02525,225.4,193.4,373.1,211.8
Indiv_425,18539.13043,8104.347826,31,4.35,0.925531915,4.206678149,0.60695,0.60325,0.0094,197.7,267.8,503.5,164.8
Indiv_426,18539.13043,7060.869565,24,4.2,0.893617021,4.113436284,0.6065,0.60205,0.00645,92.4,122.2,135.7,92.4
Indiv_427,18539.13043,6017.391304,20,4.2,0.893617021,4.2,0.60515,0.6175,-0.02365,38.3,35,36.4,38.3
Indiv_428,18539.13043,4973.913043,12,,,,,,,,,,
Indiv_429,18539.13043,3930.434783,10,,,,,,,,,,
Indiv_430,18539.13043,2886.956522,11,,,,,,,,,,
Indiv_431,18539.13043,1843.478261,13,,,,,,,,,,
Indiv_432,18539.13043,800,13,,,,,,,,,,
Indiv_433,19582.6087,24800,67,4.6,0.978723404,4.249421066,0.60605,0.6179,-0.02865,123.5,111.8,98,116.8
Indiv_434,19582.6087,23756.52174,90,4.6,0.978723404,4.24872594,0.60835,0.6173,-0.02375,89.1,105.2,89.7,89
Indiv_435,19582.6087,22713.04348,99,4.6,0.978723404,4.242552789,0.60985,0.61905,-0.0264,97,98.1,84.4,94.7
Indiv_436,19582.6087,21669.56522,94,4.6,0.978723404,4.228792901,0.60805,0.6122,-0.01705,112.7,125,102.9,121.9
Indiv_437,19582.6087,20626.08696,100,4.6,0.978723404,4.218071644,0.61255,0.6175,-0.01835,117.9,116.6,98,108.5
Indiv_438,19582.6087,19582.6087,108,4.6,0.978723404,4.226544232,0.61525,0.62,-0.0171,136.7,127.3,105.9,130.8
Indiv_439,19582.6087,18539.13043,104,4.65,0.989361702,4.206169885,0.60985,0.6135,-0.01315,167.3,119.8,129.1,135.2
Indiv_440,19582.6087,17495.65217,111,4.65,0.989361702,4.184830022,0.6091,0.6133,-0.0153,140.4,109,123.9,124.8
Indiv_441,19582.6087,16452.17391,115,4.65,0.989361702,4.211635236,0.60985,0.6061,-0.00365,146,115.7,109.9,124.1
Indiv_442,19582.6087,15408.69565,128,4.65,0.989361702,4.215219548,0.61275,0.60905,-6.00E-04,144.7,115.9,117.4,125.9
Indiv_443,19582.6087,14365.21739,129,4.65,0.989361702,4.204471724,0.61105,0.60615,-0.00045,150.1,110,117.2,123.6
Indiv_444,19582.6087,13321.73913,135,4.65,0.989361702,4.201334265,0.6159,0.6145,-0.0047,128,102.1,108.1,118
Indiv_445,19582.6087,12278.26087,136,4.65,0.989361702,4.209493998,0.61765,0.6206,-0.0112,140.1,104.8,105.5,123.2
Indiv_446,19582.6087,11234.78261,118,4.65,0.989361702,4.20335579,0.6153,0.61105,-0.0015,142.6,99.9,109.8,129.2
Indiv_447,19582.6087,10191.30435,77,4.55,0.968085106,4.144586158,0.6082,0.59725,0.01065,105.6,65.6,77.7,78.8
Indiv_448,19582.6087,9147.826087,75,4.55,0.968085106,4.183645724,0.60925,0.60135,0.00575,79.3,59,65.4,68.1
Indiv_449,19582.6087,8104.347826,60,4.45,0.946808511,4.156602234,0.6022,0.59335,0.0044,58.4,43.8,44.1,53.7
Indiv_450,19582.6087,7060.869565,38,4.3,0.914893617,4.138371669,0.60505,0.6026,-0.0059,42.1,42.2,36,41.9
Indiv_451,19582.6087,6017.391304,20,4,0.85106383,4,0.60605,0.615,-0.02375,34.6,33.1,28.9,34.6
Indiv_452,19582.6087,4973.913043,10,,,,,,,,,,
Indiv_453,19582.6087,3930.434783,10,,,,,,,,,,
Indiv_454,19582.6087,2886.956522,12,,,,,,,,,,
Indiv_455,19582.6087,1843.478261,15,,,,,,,,,,
Indiv_456,19582.6087,800,12,,,,,,,,,,
Indiv_457,20626.08696,24800,56,4.6,0.978723404,4.23040351,0.6033,0.61165,-0.022,105.7,112,91,112.4
Indiv_458,20626.08696,23756.52174,60,4.6,0.978723404,4.221810123,0.6025,0.61,-0.0218,100.1,108,88,115
Indiv_459,20626.08696,22713.04348,90,4.6,0.978723404,4.23909736,0.61025,0.6189,-0.02595,105.6,104.7,87.1,101.9
Indiv_460,20626.08696,21669.56522,91,4.6,0.978723404,4.240522539,0.61165,0.6174,-0.0216,104.8,101.4,82.2,95.3
Indiv_461,20626.08696,20626.08696,93,4.6,0.978723404,4.175416479,0.60945,0.6167,-0.0204,155.1,131.1,107.5,150.2
Indiv_462,20626.08696,19582.6087,85,4.6,0.978723404,4.156852921,0.6096,0.6094,-0.00825,140,131.8,115.2,135.4
Indiv_463,20626.08696,18539.13043,76,4.5,0.957446809,4.121128592,0.60425,0.60465,-0.0096,144.4,101.9,113.7,114.5
Indiv_464,20626.08696,17495.65217,80,4.6,0.978723404,4.179398809,0.6046,0.5982,0.00085,164.5,111.4,104.7,108.5
Indiv_465,20626.08696,16452.17391,113,4.65,0.989361702,4.197023075,0.60875,0.60175,0.00175,136.6,103.1,105.1,110.7
Indiv_466,20626.08696,15408.69565,114,4.65,0.989361702,4.199434844,0.6088,0.6005,0.0035,130.3,95.9,95.7,106.1
Indiv_467,20626.08696,14365.21739,101,4.65,0.989361702,4.176116705,0.6091,0.59955,0.0065,141.1,92.3,94.9,98.7
Indiv_468,20626.08696,13321.73913,123,4.65,0.989361702,4.204048912,0.6145,0.61305,-0.00665,123,93.4,89.8,110.6
Indiv_469,20626.08696,12278.26087,125,4.65,0.989361702,4.193070143,0.6151,0.6116,-0.00405,120.1,89.7,89.1,104.9
Indiv_470,20626.08696,11234.78261,117,4.65,0.989361702,4.200097959,0.61445,0.6136,-0.0077,129.5,87.6,94.9,113.5
Indiv_471,20626.08696,10191.30435,112,4.65,0.989361702,4.209444339,0.61385,0.60535,0.0046,107.4,82.1,87.4,93.9
Indiv_472,20626.08696,9147.826087,101,4.6,0.978723404,4.175538622,0.60995,0.60695,-0.00465,91.5,71.6,68.2,78.1
Indiv_473,20626.08696,8104.347826,73,4.55,0.968085106,4.141163172,0.6033,0.602,-0.0082,71.6,49.5,50,56.9
Indiv_474,20626.08696,7060.869565,48,4.4,0.936170213,4.124424016,0.60005,0.59275,0.0013,63.4,52,62.8,57.8
Indiv_475,20626.08696,6017.391304,32,4.25,0.904255319,4.055550215,0.60655,0.611,-0.01445,55.2,49.5,40.7,49.6
Indiv_476,20626.08696,4973.913043,23,4.05,0.861702128,3.994710195,0.60945,0.62835,,29.2,23,25.7,29.2
Indiv_477,20626.08696,3930.434783,13,,,,,,,,,,
Indiv_478,20626.08696,2886.956522,10,,,,,,,,,,
Indiv_479,20626.08696,1843.478261,11,,,,,,,,,,
Indiv_480,20626.08696,800,11,,,,,,,,,,
Indiv_481,21669.56522,24800,50,4.6,0.978723404,4.217063595,0.60005,0.601,-0.01065,89.2,83.1,67.4,87.7
Indiv_482,21669.56522,23756.52174,71,4.6,0.978723404,4.215413343,0.6034,0.6113,-0.02415,109.3,93.4,77.4,109.1
Indiv_483,21669.56522,22713.04348,77,4.6,0.978723404,4.218614205,0.60815,0.61735,-0.02595,105.3,89.3,74.9,92.7
Indiv_484,21669.56522,21669.56522,79,4.6,0.978723404,4.190138732,0.60415,0.61145,-0.022,116.8,87.7,77.1,110.2
Indiv_485,21669.56522,20626.08696,87,4.6,0.978723404,4.155952904,0.60885,0.60745,-0.007,125.8,112.6,93.5,113.8
Indiv_486,21669.56522,19582.6087,92,4.6,0.978723404,4.176546345,0.61145,0.61035,-0.0068,131.5,109,101,133.8
Indiv_487,21669.56522,18539.13043,95,4.65,0.989361702,4.185428176,0.6059,0.61005,-0.01645,162.5,108.3,103.5,125.1
Indiv_488,21669.56522,17495.65217,103,4.65,0.989361702,4.190213624,0.60795,0.6081,-0.0103,151.1,108.7,105,105.4
Indiv_489,21669.56522,16452.17391,114,4.65,0.989361702,4.197020825,0.60885,0.60255,1.00E-04,138,97,98.1,109.4
Indiv_490,21669.56522,15408.69565,112,4.65,0.989361702,4.178504202,0.60825,0.60125,0.0009,143.8,97.5,95.3,109.2
Indiv_491,21669.56522,14365.21739,109,4.65,0.989361702,4.1851863,0.6094,0.60275,1.00E-04,141.6,94.8,94.7,111.6
Indiv_492,21669.56522,13321.73913,111,4.65,0.989361702,4.196247666,0.61255,0.6043,0.0026,129.4,90.8,95.9,117.1
Indiv_493,21669.56522,12278.26087,115,4.65,0.989361702,4.194821398,0.61545,0.60515,0.0065,117.6,82.8,86,102.7
Indiv_494,21669.56522,11234.78261,113,4.65,0.989361702,4.19156587,0.6132,0.6062,0.00235,125.8,86.3,94,108.6
Indiv_495,21669.56522,10191.30435,110,4.65,0.989361702,4.209203629,0.6137,0.60495,0.005,111.5,82.1,85.6,97.3
Indiv_496,21669.56522,9147.826087,91,4.6,0.978723404,4.160247324,0.60705,0.6047,-0.0073,93.4,68,65.2,77.2
Indiv_497,21669.56522,8104.347826,73,4.55,0.968085106,4.143300546,0.6064,0.6055,-0.00965,75.5,52.4,55.4,57.2
Indiv_498,21669.56522,7060.869565,58,4.4,0.936170213,4.137141414,0.6079,0.59125,0.01175,63.5,51,62.7,53.4
Indiv_499,21669.56522,6017.391304,46,4.35,0.925531915,4.094031912,0.60595,0.59235,0.0096,61.6,48.5,51.1,51.1
Indiv_500,21669.56522,4973.913043,40,4.35,0.925531915,4.117950958,0.61105,0.60125,0.00425,59.9,47.3,51.6,50.2
Indiv_501,21669.56522,3930.434783,14,,,,,,,,,,
Indiv_502,21669.56522,2886.956522,9,,,,,,,,,,
Indiv_503,21669.56522,1843.478261,12,,,,,,,,,,
Indiv_504,21669.56522,800,10,,,,,,,,,,
Indiv_505,22713.04348,24800,56,4.6,0.978723404,4.213434822,0.60135,0.60005,-0.00855,93.4,83.3,78.2,91.5
Indiv_506,22713.04348,23756.52174,57,4.6,0.978723404,4.205995067,0.60185,0.6035,-0.0132,92.8,84,77.3,91.9
Indiv_507,22713.04348,22713.04348,64,4.6,0.978723404,4.183155276,0.606,0.6116,-0.0188,98.8,84.8,72.8,93.8
Indiv_508,22713.04348,21669.56522,69,4.55,0.968085106,4.163338051,0.60425,0.61165,-0.0222,124.2,81.2,83.5,110.6
Indiv_509,22713.04348,20626.08696,80,4.55,0.968085106,4.138673555,0.6083,0.61255,-0.01425,128.7,90.5,91.8,102.8
Indiv_510,22713.04348,19582.6087,80,4.4,0.936170213,4.12035607,0.60625,0.61315,-0.0192,114.1,87.1,85.4,101.5
Indiv_511,22713.04348,18539.13043,61,4.45,0.946808511,4.125467385,0.6077,0.6214,-0.02925,115.8,80.6,79.7,102.4
Indiv_512,22713.04348,17495.65217,92,4.65,0.989361702,4.208257454,0.6086,0.6103,-0.0135,133.4,95.8,99.3,109.7
Indiv_513,22713.04348,16452.17391,100,4.65,0.989361702,4.204442548,0.60965,0.6065,-0.00375,144.3,101.4,106.3,119.7
Indiv_514,22713.04348,15408.69565,97,4.65,0.989361702,4.202522756,0.60715,0.6,0.00245,127.6,88.7,92.1,100.5
Indiv_515,22713.04348,14365.21739,91,4.65,0.989361702,4.156876665,0.6082,0.60305,-0.0034,121.3,76.3,78,78.8
Indiv_516,22713.04348,13321.73913,87,4.65,0.989361702,4.155202581,0.60845,0.60185,-0.00135,85.4,61.5,59.5,66.5
Indiv_517,22713.04348,12278.26087,83,4.55,0.968085106,4.15284764,0.60825,0.60375,-0.00445,79.5,55.7,55.6,67.3
Indiv_518,22713.04348,11234.78261,84,4.6,0.978723404,4.159851261,0.60905,0.6089,-0.01175,94,69.7,68.8,81.3
Indiv_519,22713.04348,10191.30435,91,4.6,0.978723404,4.158201163,0.60945,0.60685,-0.00825,102.6,77.1,78,90.1
Indiv_520,22713.04348,9147.826087,80,4.55,0.968085106,4.159581559,0.60765,0.60125,0.001,78.9,56,59.9,62.8
Indiv_521,22713.04348,8104.347826,65,4.45,0.946808511,4.132628365,0.6044,0.59785,-0.0022,63.7,49.5,49.9,52.7
Indiv_522,22713.04348,7060.869565,59,4.4,0.936170213,4.139095902,0.60885,0.59315,0.01,67.1,53.3,70.7,55.2
Indiv_523,22713.04348,6017.391304,50,4.4,0.936170213,4.134965451,0.6042,0.591,0.0091,75.2,53.6,67,69.4
Indiv_524,22713.04348,4973.913043,31,4.2,0.893617021,4.038778772,0.60825,0.608,,58,51.4,57.4,53
Indiv_525,22713.04348,3930.434783,13,,,,,,,,,,
Indiv_526,22713.04348,2886.956522,10,,,,,,,,,,
Indiv_527,22713.04348,1843.478261,9,,,,,,,,,,
Indiv_528,22713.04348,800,9,,,,,,,,,,
Indiv_529,23756.52174,24800,51,4.6,0.978723404,4.21900642,0.6011,0.60385,-0.0137,94.1,78.3,68.6,91.4
Indiv_530,23756.52174,23756.52174,51,4.55,0.968085106,4.175284961,0.59895,0.6068,-0.02205,105.4,75.9,64.1,92.2
Indiv_531,23756.52174,22713.04348,49,4.4,0.936170213,4.066140975,0.5957,0.6072,-0.0301,75.5,48.9,50.8,62.1
Indiv_532,23756.52174,21669.56522,55,4.45,0.946808511,4.116134785,0.5996,0.60825,-0.02615,77.3,50.7,56.1,57.8
Indiv_533,23756.52174,20626.08696,65,4.45,0.946808511,4.107823538,0.60615,0.61385,-0.02235,99.4,77.8,78.1,87.9
Indiv_534,23756.52174,19582.6087,67,4.4,0.936170213,4.072465956,0.60495,0.61485,-0.02415,105.8,79.1,85.3,93.2
Indiv_535,23756.52174,18539.13043,76,4.55,0.968085106,4.177138375,0.6065,0.6118,-0.01825,130.7,90.3,92.2,99.3
Indiv_536,23756.52174,17495.65217,84,4.65,0.989361702,4.206121366,0.60865,0.61425,-0.0194,159.8,105.3,103.2,122.6
Indiv_537,23756.52174,16452.17391,83,4.65,0.989361702,4.204660051,0.6098,0.6114,-0.01285,158.7,98.2,99.1,121.2
Indiv_538,23756.52174,15408.69565,64,4.6,0.978723404,4.164603906,0.6117,0.6203,-0.02485,116.9,70.8,75.5,79.4
Indiv_539,23756.52174,14365.21739,65,4.6,0.978723404,4.159033059,0.60455,0.6054,-0.00995,97.3,58.6,56.7,68.7
Indiv_540,23756.52174,13321.73913,74,4.6,0.978723404,4.173509753,0.60815,0.60285,-0.00255,66.1,45.7,50.1,54.9
Indiv_541,23756.52174,12278.26087,71,4.55,0.968085106,4.146321151,0.6065,0.60285,-0.0096,74.1,51.8,51.5,64.1
Indiv_542,23756.52174,11234.78261,83,4.55,0.968085106,4.146681749,0.60895,0.6086,-0.0114,77,55.6,58.4,67
Indiv_543,23756.52174,10191.30435,77,4.55,0.968085106,4.156068521,0.60945,0.6076,-0.00765,79.7,58.2,58.6,69.3
Indiv_544,23756.52174,9147.826087,74,4.55,0.968085106,4.147888392,0.60525,0.6048,-0.01115,73.3,51.8,53.6,61.3
Indiv_545,23756.52174,8104.347826,65,4.45,0.946808511,4.130102065,0.6033,0.59855,-0.00515,64.8,49.9,54.4,53.7
Indiv_546,23756.52174,7060.869565,44,4.35,0.925531915,4.103603347,0.5998,0.5931,-0.00105,67.3,51.8,68.5,65.2
Indiv_547,23756.52174,6017.391304,39,4.35,0.925531915,4.10983846,0.60215,0.60125,-0.0082,56.7,43,40.6,52.7
Indiv_548,23756.52174,4973.913043,29,4.15,0.882978723,4.024429725,0.60325,0.6104,,48,41.6,47.3,43.4
Indiv_549,23756.52174,3930.434783,16,,,,,,,,,,
Indiv_550,23756.52174,2886.956522,9,,,,,,,,,,
Indiv_551,23756.52174,1843.478261,10,,,,,,,,,,
Indiv_552,23756.52174,800,6,,,,,,,,,,
Indiv_553,24800,24800,44,4.5,0.957446809,4.177395606,0.59765,0.60115,-0.0168,90.9,66,58.8,81.2
Indiv_554,24800,23756.52174,37,4.45,0.946808511,4.173815681,0.60165,0.61105,-0.02635,58.7,42.1,42.6,51
Indiv_555,24800,22713.04348,26,4.25,0.904255319,4.120122171,0.59695,0.62495,-0.04785,49.6,33.1,36.9,39.3
Indiv_556,24800,21669.56522,35,4.35,0.925531915,4.08252427,0.59905,0.61995,-0.0407,74,49.8,49.3,55.8
Indiv_557,24800,20626.08696,53,4.45,0.946808511,4.123711763,0.60725,0.6189,-0.0277,87.8,59.8,63.3,63.5
Indiv_558,24800,19582.6087,62,4.4,0.936170213,4.137969243,0.61295,0.62255,-0.02455,129.6,91.1,110.4,108.3
Indiv_559,24800,18539.13043,56,4.4,0.936170213,4.111317576,0.61145,0.6303,-0.03825,107.9,79.5,83.2,90.8
Indiv_560,24800,17495.65217,69,4.55,0.968085106,4.195955671,0.61205,0.6174,-0.0194,127.1,83.6,75.1,98.4
Indiv_561,24800,16452.17391,65,4.55,0.968085106,4.174938166,0.612,0.61615,-0.01705,147,91.3,84.8,102.3
Indiv_562,24800,15408.69565,32,4.15,0.882978723,4.034286834,0.6262,0.6422,-0.0357,78.9,69.5,71.3,71.9
Indiv_563,24800,14365.21739,24,4.2,0.893617021,4.087517854,0.60065,0.60415,-0.0148,219.9,114.4,88.4,219.9
Indiv_564,24800,13321.73913,47,4.6,0.978723404,4.189446851,0.60485,0.59475,0.0077,114.2,57.1,50.4,78
Indiv_565,24800,12278.26087,55,4.55,0.968085106,4.176415676,0.6071,0.60005,-0.00415,75.3,54.7,50.9,64.5
Indiv_566,24800,11234.78261,46,4.45,0.946808511,4.174991625,0.6003,0.59015,0.0015,66.8,53.9,46.2,60.8
Indiv_567,24800,10191.30435,38,4.45,0.946808511,4.165717394,0.5971,0.58155,0.0072,85.5,63.4,62.9,64.7
Indiv_568,24800,9147.826087,45,4.45,0.946808511,4.150859747,0.59725,0.5833,0.0066,57.8,41.4,41.9,48.6
Indiv_569,24800,8104.347826,47,4.4,0.936170213,4.145428289,0.5993,0.58305,0.0118,56.4,44,43.9,51.6
Indiv_570,24800,7060.869565,43,4.35,0.925531915,4.109949445,0.60075,0.5965,-0.0048,64.9,53.1,64.6,62.2
Indiv_571,24800,6017.391304,31,4.25,0.904255319,4.077386052,0.59605,0.59345,,49.6,41.7,41.7,48.2
Indiv_572,24800,4973.913043,19,,,,,,,,,,
Indiv_573,24800,3930.434783,9,,,,,,,,,,
Indiv_574,24800,2886.956522,6,,,,,,,,,,
Indiv_575,24800,1843.478261,6,,,,,,,,,,
Indiv_576,24800,800,5,,,,,,,,,,
